30/01,21:30,Harbour View FC,Arnett Gardens FC,Resultado Final,2.57,2.92,2.80,Total de Gols Mais/Menos,+,2.20,-,1.53,Ambas equipes Marcam,Sim,1.87,Não,1.75,31
30/01,22:00,Club Atletico Tucuman II,Boca Juniors II,Resultado Final,3.90,3.50,1.82,Total de Gols Mais/Menos,+,1.98,-,1.65,Ambas equipes Marcam,Sim,1.88,Não,1.72,31
30/01,22:00,CF Tigres UANL (F),Deportivo Toluca FC (F),Resultado Final,1.07,10.00,14.50,16,,,,,,,,,,
30/01,22:10,Once Caldas,Deportes Tolima,Resultado Final,2.32,2.92,3.60,Total de Gols Mais/Menos,+,2.70,-,1.47,Ambas equipes Marcam,Sim,2.15,Não,1.65,271
31/01,00:00,Mazatlán FC (F),Cruz Azul (F),Resultado Final,6.50,4.75,1.36,Total de Gols Mais/Menos,+,1.52,-,2.20,16,,,,,
31/01,00:05,Guadalajara Chivas (F),Juarez (F),Resultado Final,1.42,4.70,5.50,Total de Gols Mais/Menos,+,1.60,-,2.05,16,,,,,
31/01,05:30,Manipur,Punjab FC,Resultado Final,1.47,4.05,5.70,16,,,,,,,,,,
31/01,06:00,Mohammedan SC Dhaka,Sheikh Jamal Dhanmondi Club,Resultado Final,2.30,3.40,2.67,Total de Gols Mais/Menos,+,1.80,-,1.80,16,,,,,
31/01,06:00,Azampur FC Uttara,Rahmatgonj MFS,Resultado Final,5.90,4.70,1.39,Total de Gols Mais/Menos,+,1.62,-,2.02,16,,,,,
31/01,06:00,PS Barito Putera,PSS Sleman,Resultado Final,2.07,3.20,3.40,Total de Gols Mais/Menos,+,2.00,-,1.65,Ambas equipes Marcam,Sim,1.80,Não,1.80,31
31/01,06:30,PSIS Semarang,Persib Bandung,Resultado Final,3.35,3.15,2.10,Total de Gols Mais/Menos,+,2.07,-,1.60,Ambas equipes Marcam,Sim,1.85,Não,1.75,31
31/01,07:30,Pars Jonoubi Jam,Shams Azar,Resultado Final,2.52,2.57,3.25,Total de Gols Mais/Menos,+,2.72,-,1.35,Ambas equipes Marcam,Sim,2.15,Não,1.55,31
31/01,07:30,Fajr Sepasi FC,Esteghlal Khuzestan,Resultado Final,2.82,2.32,3.25,Total de Gols Mais/Menos,+,3.05,-,1.28,Ambas equipes Marcam,Sim,2.25,Não,1.50,31
31/01,07:30,Esteghlal Mollasani,Chooka Talesh,Resultado Final,1.65,3.10,6.10,Total de Gols Mais/Menos,+,2.67,-,1.36,Ambas equipes Marcam,Sim,2.50,Não,1.40,31
31/01,07:30,Khosheh Talaei,Khalij Fars Mahshahr,Resultado Final,2.72,2.40,3.25,Total de Gols Mais/Menos,+,3.00,-,1.29,Ambas equipes Marcam,Sim,2.22,Não,1.52,31
31/01,07:30,Shahrdari Hamedan,Mes Shahr-e Babak,Resultado Final,3.40,2.30,2.80,Total de Gols Mais/Menos,+,3.55,-,1.21,Ambas equipes Marcam,Sim,2.57,Não,1.39,31
31/01,07:30,Caspian Babol,Van Pars Naghsh Jahan,Resultado Final,2.60,2.57,3.20,Total de Gols Mais/Menos,+,2.70,-,1.36,Ambas equipes Marcam,Sim,2.10,Não,1.57,31
31/01,07:30,Kheybar Khorramabad,SaiPa Karaj FC,Resultado Final,2.47,2.37,3.80,Total de Gols Mais/Menos,+,3.10,-,1.27,Ambas equipes Marcam,Sim,2.32,Não,1.47,31
31/01,07:30,Shahrdari Astara,Chadormalu,Resultado Final,2.82,2.37,3.15,Total de Gols Mais/Menos,+,3.10,-,1.27,Ambas equipes Marcam,Sim,2.32,Não,1.47,31
31/01,08:00,Al Kahrabaa,Naft Maysan,Resultado Final,2.15,2.72,3.75,16,,,,,,,,,,
31/01,08:00,Portimonense Sub-23,Sporting CP Sub-23,Resultado Final,2.02,3.70,3.10,Total de Gols Mais/Menos,+,1.44,-,2.42,Ambas equipes Marcam,Sim,1.40,Não,2.52,31
31/01,08:30,Al Sinaah,Naft Al-Wasat,Resultado Final,3.25,2.70,2.37,16,,,,,,,,,,
31/01,09:00,Qarabağ FK,Shamakhi,Resultado Final,1.15,6.90,13.50,Total de Gols Mais/Menos,+,1.35,-,2.72,Ambas equipes Marcam,Sim,2.02,Não,1.62,31
31/01,09:40,Al Riyadh SC,Al Kholood,Resultado Final,1.98,3.05,3.85,Total de Gols Mais/Menos,+,2.42,-,1.44,Ambas equipes Marcam,Sim,2.12,Não,1.57,31
31/01,10:00,Bristol City Sub-21,Reading Sub-21,Resultado Final,1.60,4.35,4.20,Total de Gols Mais/Menos,+,1.28,-,3.05,Ambas equipes Marcam,Sim,1.33,Não,2.80,31
,,,,,,,,,,,,,,,,,,
01/02,15:30,Audax Rio RJ,Bangu,Resultado Final,2.72,2.80,2.82,Total de Gols Mais/Menos,+,2.55,-,1.45,Ambas equipes Marcam,Sim,2.05,Não,1.70,134
01/02,19:00,Botafogo-RJ,Nova Iguaçu,Resultado Final,1.35,4.35,9.25,Total de Gols Mais/Menos,+,1.93,-,1.78,Ambas equipes Marcam,Sim,2.32,Não,1.53,135
01/02,21:10,Flamengo,Boavista-RJ,Resultado Final,1.22,5.30,13.50,Total de Gols Mais/Menos,+,1.62,-,2.15,Ambas equipes Marcam,Sim,2.27,Não,1.57,137
02/02,15:30,Madureira,Portuguesa-RJ,Resultado Final,2.65,2.87,2.82,Total de Gols Mais/Menos,+,2.50,-,1.47,Ambas equipes Marcam,Sim,2.05,Não,1.70,135
02/02,19:00,Vasco da Gama,Resende,Resultado Final,1.31,4.50,10.50,Total de Gols Mais/Menos,+,2.00,-,1.72,Ambas equipes Marcam,Sim,2.57,Não,1.45,134
,,,,,,,,,,,,,,,,,,,
04/02,15:30,EC Sao Bento,Mirassol,Resultado Final,3.30,2.95,2.27,Total de Gols Mais/Menos,+,2.42,-,1.50,Ambas equipes Marcam,Sim,2.05,Não,1.70,128,
04/02,16:00,Ferroviária,São Bernardo,Resultado Final,2.27,2.95,3.30,Total de Gols Mais/Menos,+,2.42,-,1.50,Ambas equipes Marcam,Sim,2.10,Não,1.65,131,
04/02,16:00,Guarani-SP,Bragantino,Resultado Final,2.92,3.10,2.40,Total de Gols Mais/Menos,+,2.35,-,1.53,Ambas equipes Marcam,Sim,2.02,Não,1.72,130,
04/02,18:30,Palmeiras,Santos,Em local neutro,Resultado Final,1.57,3.90,5.60,Total de Gols Mais/Menos,+,2.02,-,1.75,Ambas equipes Marcam,Sim,2.05,Não,1.70,180
05/02,11:00,Ituano,Água Santa,Resultado Final,1.95,3.00,4.20,Total de Gols Mais/Menos,+,2.42,-,1.50,Ambas equipes Marcam,Sim,2.12,Não,1.65,129,
05/02,16:00,Santo André,São Paulo,Resultado Final,4.75,3.10,1.82,Total de Gols Mais/Menos,+,2.35,-,1.53,Ambas equipes Marcam,Sim,2.12,Não,1.65,130,
05/02,18:30,Corinthians,Botafogo-SP,Resultado Final,1.38,4.50,7.50,Total de Gols Mais/Menos,+,2.05,-,1.70,Ambas equipes Marcam,Sim,2.55,Não,1.45,129,
05/02,20:30,Portuguesa Desportos,Inter de Limeira,Resultado Final,2.37,3.00,3.05,Total de Gols Mais/Menos,+,2.57,-,1.44,Ambas equipes Marcam,Sim,2.18,Não,1.62,128,
,,,,,,,,,,,,,,,,,,,
01/02,17:00,Manchester United,Nottingham Forest,Primeiro jogo: 3-0,Resultado Final,1.38,4.65,9.00,Total de Gols Mais/Menos,+,1.75,-,2.07,Ambas equipes Marcam,Sim,2.02,Não,1.75,404
,,,,,,,,,,,,,,,,,,
01/02,15:00,Angers,AC Ajaccio,Resultado Final,2.27,3.15,3.40,Total de Gols Mais/Menos,+,2.30,-,1.62,Ambas equipes Marcam,Sim,1.93,Não,1.82,340
01/02,15:00,Lille,Clermont,Resultado Final,1.50,4.25,6.80,Total de Gols Mais/Menos,+,1.80,-,2.02,Ambas equipes Marcam,Sim,1.93,Não,1.82,346
01/02,15:00,Stade de Reims,FC Lorient,Resultado Final,1.85,3.60,4.30,Total de Gols Mais/Menos,+,1.95,-,1.87,Ambas equipes Marcam,Sim,1.82,Não,1.93,344
01/02,15:00,Toulouse FC,Troyes,Resultado Final,1.75,4.00,4.35,Total de Gols Mais/Menos,+,1.65,-,2.25,Ambas equipes Marcam,Sim,1.65,Não,2.15,348
01/02,17:00,Montpellier,Paris Saint Germain,Resultado Final,8.25,5.80,1.32,Total de Gols Mais/Menos,+,1.45,-,2.75,Ambas equipes Marcam,Sim,1.78,Não,1.98,351
01/02,17:00,Lens,Nice,Resultado Final,1.75,3.50,5.30,Total de Gols Mais/Menos,+,2.12,-,1.72,Ambas equipes Marcam,Sim,1.95,Não,1.78,343
01/02,17:00,Lyon,Brestois,Resultado Final,1.53,4.35,5.90,Total de Gols Mais/Menos,+,1.70,-,2.18,Ambas equipes Marcam,Sim,1.75,Não,2.00,349
01/02,17:00,Rennes,Estrasburgo,Resultado Final,1.55,4.15,6.10,Total de Gols Mais/Menos,+,1.91,-,1.90,Ambas equipes Marcam,Sim,1.98,Não,1.78,345
01/02,17:00,Monaco,AJ Auxerre,Resultado Final,1.34,5.40,8.50,Total de Gols Mais/Menos,+,1.55,-,2.45,Ambas equipes Marcam,Sim,1.88,Não,1.85,349
04/02,13:00,Paris Saint Germain,Toulouse FC,Resultado Final,1.24,6.80,10.75,Total de Gols Mais/Menos,+,1.38,-,3.05,Ambas equipes Marcam,Sim,1.82,Não,1.91,207
04/02,15:00,Troyes,Lyon,Resultado Final,4.30,3.95,1.78,Total de Gols Mais/Menos,+,1.70,-,2.18,Ambas equipes Marcam,Sim,1.65,Não,2.15,200
04/02,17:00,Rennes,Lille,Resultado Final,2.30,3.50,3.05,Total de Gols Mais/Menos,+,1.93,-,1.88,Ambas equipes Marcam,Sim,1.72,Não,2.05,197
05/02,09:00,Clermont,Monaco,Resultado Final,4.00,3.85,1.85,Total de Gols Mais/Menos,+,1.75,-,2.10,Ambas equipes Marcam,Sim,1.70,Não,2.12,199
05/02,11:00,AJ Auxerre,Stade de Reims,Resultado Final,3.35,3.35,2.20,Total de Gols Mais/Menos,+,2.10,-,1.75,Ambas equipes Marcam,Sim,1.83,Não,1.91,195
05/02,11:00,FC Lorient,Angers,Resultado Final,2.05,3.50,3.60,Total de Gols Mais/Menos,+,1.98,-,1.83,Ambas equipes Marcam,Sim,1.80,Não,1.95,196
05/02,11:00,AC Ajaccio,Nantes,Resultado Final,2.75,3.10,2.75,Total de Gols Mais/Menos,+,2.47,-,1.55,Ambas equipes Marcam,Sim,2.02,Não,1.75,193
05/02,11:00,Estrasburgo,Montpellier,Resultado Final,2.00,3.20,4.25,Total de Gols Mais/Menos,+,1.98,-,1.83,Ambas equipes Marcam,Sim,1.75,Não,2.02,195
05/02,13:05,Brestois,Lens,Resultado Final,4.50,3.65,1.80,Total de Gols Mais/Menos,+,1.95,-,1.87,Ambas equipes Marcam,Sim,1.83,Não,1.91,195
05/02,16:45,Olympique de Marseille,Nice,Resultado Final,1.70,3.85,5.00,Total de Gols Mais/Menos,+,1.88,-,1.93,Ambas equipes Marcam,Sim,1.83,Não,1.91,197
,,,,,,,,,,,,,,,,,,
01/02,14:00,Fiorentina,Torino,Resultado Final,2.05,3.35,3.80,Total de Gols Mais/Menos,+,2.18,-,1.70,Ambas equipes Marcam,Sim,1.91,Não,1.83,346
01/02,17:00,Roma,US Cremonese,Resultado Final,1.42,4.65,7.40,Total de Gols Mais/Menos,+,1.82,-,2.00,Ambas equipes Marcam,Sim,2.05,Não,1.72,348
02/02,17:00,Juventus FC,Lázio,Resultado Final,2.15,3.35,3.55,Total de Gols Mais/Menos,+,2.10,-,1.75,Ambas equipes Marcam,Sim,1.85,Não,1.90,344
01/02,17:00,Bétis,Barcelona,Resultado Final,5.00,3.85,1.70,Total de Gols Mais/Menos,+,1.83,-,1.98,Ambas equipes Marcam,Sim,1.80,Não,1.95,414
02/02,17:00,Real Madrid,Valencia,Resultado Final,1.45,4.80,6.60,Total de Gols Mais/Menos,+,1.62,-,2.30,Ambas equipes Marcam,Sim,1.80,Não,1.93,418
03/02,17:00,Athletic Bilbao,Cádiz CF,Resultado Final,1.45,4.30,7.60,Total de Gols Mais/Menos,+,2.02,-,1.80,Ambas equipes Marcam,Sim,2.25,Não,1.60,333
04/02,10:00,Espanyol,Osasuna,Resultado Final,2.45,3.05,3.20,Total de Gols Mais/Menos,+,2.55,-,1.52,Ambas equipes Marcam,Sim,2.07,Não,1.70,329
04/02,12:15,Elche,Villarreal CF,Resultado Final,4.75,3.85,1.72,Total de Gols Mais/Menos,+,1.90,-,1.91,Ambas equipes Marcam,Sim,1.83,Não,1.91,334
04/02,14:30,Atlético de Madrid,Getafe CF,Resultado Final,1.45,4.00,9.00,Total de Gols Mais/Menos,+,2.47,-,1.55,Ambas equipes Marcam,Sim,2.75,Não,1.42,327
04/02,17:00,Bétis,Celta de Vigo,Resultado Final,2.22,3.20,3.45,Total de Gols Mais/Menos,+,2.37,-,1.60,Ambas equipes Marcam,Sim,2.00,Não,1.75,330
05/02,10:00,Mallorca,Real Madrid,Resultado Final,5.20,3.60,1.72,Total de Gols Mais/Menos,+,2.15,-,1.72,Ambas equipes Marcam,Sim,2.00,Não,1.75,330
05/02,12:15,Girona FC,Valencia,Resultado Final,2.22,3.25,3.40,Total de Gols Mais/Menos,+,2.00,-,1.82,Ambas equipes Marcam,Sim,1.75,Não,2.00,331
05/02,14:30,Real Sociedad,Real Valladolid,Resultado Final,1.44,4.40,8.00,Total de Gols Mais/Menos,+,1.95,-,1.85,Ambas equipes Marcam,Sim,2.15,Não,1.65,334
05/02,17:00,Barcelona,Sevilha FC,Resultado Final,1.34,5.20,8.75,Total de Gols Mais/Menos,+,1.60,-,2.35,Ambas equipes Marcam,Sim,1.93,Não,1.80,337
06/02,17:00,Rayo Vallecano,UD Almería,Resultado Final,1.75,3.65,4.80,Total de Gols Mais/Menos,+,2.00,-,1.82,Ambas equipes Marcam,Sim,1.90,Não,1.83,334
10/02,17:00,Cádiz CF,Girona FC,Resultado Final,2.77,3.20,2.65,Total de Gols Mais/Menos,+,2.15,-,1.70,Ambas equipes Marcam,Sim,1.83,Não,1.91,195
11/02,12:15,UD Almería,Bétis,Resultado Final,2.90,3.30,2.50,Total de Gols Mais/Menos,+,2.07,-,1.75,Ambas equipes Marcam,Sim,1.80,Não,1.95,196
11/02,14:30,Sevilha FC,Mallorca,Resultado Final,1.83,3.35,4.85,Total de Gols Mais/Menos,+,2.55,-,1.52,Ambas equipes Marcam,Sim,2.27,Não,1.60,193
11/02,17:00,Valencia,Athletic Bilbao,Resultado Final,2.77,3.25,2.62,Total de Gols Mais/Menos,+,2.12,-,1.72,Ambas equipes Marcam,Sim,1.82,Não,1.93,196
12/02,10:00,Getafe CF,Rayo Vallecano,Resultado Final,2.92,2.85,2.82,Total de Gols Mais/Menos,+,2.87,-,1.42,Ambas equipes Marcam,Sim,2.22,Não,1.62,190
12/02,12:15,Celta de Vigo,Atlético de Madrid,Resultado Final,3.65,3.10,2.20,Total de Gols Mais/Menos,+,2.55,-,1.52,Ambas equipes Marcam,Sim,2.07,Não,1.70,192
12/02,14:30,Real Valladolid,Osasuna,Resultado Final,2.62,3.20,2.82,Total de Gols Mais/Menos,+,2.25,-,1.65,Ambas equipes Marcam,Sim,1.88,Não,1.85,195
12/02,17:00,Villarreal CF,Barcelona,Resultado Final,3.65,3.80,1.95,Total de Gols Mais/Menos,+,1.75,-,2.10,Ambas equipes Marcam,Sim,1.65,Não,2.15,199
13/02,17:00,Espanyol,Real Sociedad,Resultado Final,3.30,3.20,2.30,Total de Gols Mais/Menos,+,2.42,-,1.57,Ambas equipes Marcam,Sim,2.05,Não,1.72,193
15/02,17:00,Real Madrid,Elche,Resultado Final,1.15,7.80,19.50,Total de Gols Mais/Menos,+,1.40,-,3.00,Ambas equipes Marcam,Sim,2.15,Não,1.65,201
30/01,20:00,Vasco da Gama,Volta Redonda,AO VIVO,Resultado Final,9.50,4.10,1.37,Total de Gols Mais/Menos,+,1.15,-,5.00,Ambas equipes Marcam,Sim,1.29,Não,3.40,80
01/02,15:30,Audax Rio RJ,Bangu,Resultado Final,2.72,2.80,2.82,Total de Gols Mais/Menos,+,2.55,-,1.45,Ambas equipes Marcam,Sim,2.05,Não,1.70,134,
01/02,19:00,Botafogo-RJ,Nova Iguaçu,Resultado Final,1.35,4.35,9.25,Total de Gols Mais/Menos,+,1.93,-,1.78,Ambas equipes Marcam,Sim,2.32,Não,1.53,135,
01/02,21:10,Flamengo,Boavista-RJ,Resultado Final,1.22,5.30,13.50,Total de Gols Mais/Menos,+,1.62,-,2.15,Ambas equipes Marcam,Sim,2.27,Não,1.57,137,
02/02,15:30,Madureira,Portuguesa-RJ,Resultado Final,2.65,2.87,2.82,Total de Gols Mais/Menos,+,2.50,-,1.47,Ambas equipes Marcam,Sim,2.05,Não,1.70,135,
02/02,19:00,Vasco da Gama,Resende,Resultado Final,1.31,4.50,10.25,Total de Gols Mais/Menos,+,2.00,-,1.72,Ambas equipes Marcam,Sim,2.57,Não,1.45,134,
01/02,21:35,Mirassol,Palmeiras,Resultado Final,5.30,3.65,1.62,Total de Gols Mais/Menos,+,2.18,-,1.62,Ambas equipes Marcam,Sim,2.18,Não,1.60,146,
04/02,15:30,EC Sao Bento,Mirassol,Resultado Final,3.30,2.95,2.27,Total de Gols Mais/Menos,+,2.42,-,1.50,Ambas equipes Marcam,Sim,2.05,Não,1.70,128,
04/02,16:00,Ferroviária,São Bernardo,Resultado Final,2.27,2.95,3.30,Total de Gols Mais/Menos,+,2.42,-,1.50,Ambas equipes Marcam,Sim,2.10,Não,1.65,131,
04/02,16:00,Guarani-SP,Bragantino,Resultado Final,2.92,3.10,2.40,Total de Gols Mais/Menos,+,2.35,-,1.53,Ambas equipes Marcam,Sim,2.02,Não,1.72,130,
04/02,18:30,Palmeiras,Santos,Em local neutro,Resultado Final,1.57,3.90,5.60,Total de Gols Mais/Menos,+,2.02,-,1.75,Ambas equipes Marcam,Sim,2.05,Não,1.70,180
05/02,11:00,Ituano,Água Santa,Resultado Final,1.95,3.00,4.20,Total de Gols Mais/Menos,+,2.42,-,1.50,Ambas equipes Marcam,Sim,2.12,Não,1.65,129,
05/02,16:00,Santo André,São Paulo,Resultado Final,4.75,3.10,1.82,Total de Gols Mais/Menos,+,2.35,-,1.53,Ambas equipes Marcam,Sim,2.12,Não,1.65,130,
05/02,18:30,Corinthians,Botafogo-SP,Resultado Final,1.38,4.50,7.50,Total de Gols Mais/Menos,+,2.05,-,1.70,Ambas equipes Marcam,Sim,2.55,Não,1.45,129,
05/02,20:30,Portuguesa Desportos,Inter de Limeira,Resultado Final,2.37,3.00,3.05,Total de Gols Mais/Menos,+,2.57,-,1.44,Ambas equipes Marcam,Sim,2.18,Não,1.62,128,
30/01,20:00,Novo Hamburgo,Juventude-RS,AO VIVO,Resultado Final,4.70,2.18,2.45,Total de Gols Mais/Menos,+,7.00,-,1.08,Ambas equipes Marcam,Sim,4.55,Não,1.16,68
01/02,19:00,Aimoré,São José-RS,Resultado Final,2.77,2.92,2.65,Total de Gols Mais/Menos,+,2.75,-,1.40,Ambas equipes Marcam,Sim,2.27,Não,1.57,134,
01/02,20:00,CE Bento Goncalves RS,Grêmio,Resultado Final,8.75,5.00,1.31,Total de Gols Mais/Menos,+,1.98,-,1.75,Ambas equipes Marcam,Sim,2.72,Não,1.40,134,
01/02,21:30,Brasil de Pelotas,Caxias,Resultado Final,2.67,2.90,2.77,Total de Gols Mais/Menos,+,2.75,-,1.40,Ambas equipes Marcam,Sim,2.25,Não,1.57,134,
02/02,16:30,Internacional,Ypiranga-RS,Resultado Final,1.36,4.45,8.25,Total de Gols Mais/Menos,+,2.00,-,1.72,Ambas equipes Marcam,Sim,2.50,Não,1.47,135,
31/01,20:00,Maracana CE,Iguatu,Resultado Final,2.20,3.25,3.05,Total de Gols Mais/Menos,+,1.91,-,1.70,Ambas equipes Marcam,Sim,1.75,Não,1.87,31,
31/01,20:00,Ferroviário,Ceará,Resultado Final,6.10,3.60,1.55,Total de Gols Mais/Menos,+,1.83,-,1.78,Ambas equipes Marcam,Sim,1.87,Não,1.75,31,
31/01,20:00,Foz Do Iguacu PR,Independiente FSJ,Resultado Final,2.40,3.05,2.92,Total de Gols Mais/Menos,+,2.12,-,1.57,Ambas equipes Marcam,Sim,1.83,Não,1.78,31,
,,,,,,,,,,,,,,,,,,
01/02,15:30,Audax Rio RJ,Bangu,Resultado Final,2.72,2.80,2.82,Total de Gols Mais/Menos,+,2.55,-,1.45,Ambas equipes Marcam,Sim,2.05,Não,1.70,134
01/02,19:00,Botafogo-RJ,Nova Iguaçu,Resultado Final,1.35,4.35,9.25,Total de Gols Mais/Menos,+,1.93,-,1.78,Ambas equipes Marcam,Sim,2.32,Não,1.53,135
01/02,21:10,Flamengo,Boavista-RJ,Resultado Final,1.22,5.30,13.50,Total de Gols Mais/Menos,+,1.62,-,2.15,Ambas equipes Marcam,Sim,2.27,Não,1.57,137
02/02,15:30,Madureira,Portuguesa-RJ,Resultado Final,2.65,2.87,2.82,Total de Gols Mais/Menos,+,2.50,-,1.47,Ambas equipes Marcam,Sim,2.05,Não,1.70,135
02/02,19:00,Vasco da Gama,Resende,Resultado Final,1.31,4.50,10.25,Total de Gols Mais/Menos,+,2.00,-,1.72,Ambas equipes Marcam,Sim,2.57,Não,1.45,134
,,,,,,,,,,,,,,,,,,,
04/02,15:30,EC Sao Bento,Mirassol,Resultado Final,3.30,2.95,2.27,Total de Gols Mais/Menos,+,2.42,-,1.50,Ambas equipes Marcam,Sim,2.05,Não,1.70,128,
04/02,16:00,Ferroviária,São Bernardo,Resultado Final,2.27,2.95,3.30,Total de Gols Mais/Menos,+,2.42,-,1.50,Ambas equipes Marcam,Sim,2.10,Não,1.65,131,
04/02,16:00,Guarani-SP,Bragantino,Resultado Final,2.92,3.10,2.40,Total de Gols Mais/Menos,+,2.35,-,1.53,Ambas equipes Marcam,Sim,2.02,Não,1.72,130,
04/02,18:30,Palmeiras,Santos,Em local neutro,Resultado Final,1.57,3.90,5.60,Total de Gols Mais/Menos,+,2.02,-,1.75,Ambas equipes Marcam,Sim,2.05,Não,1.70,180
05/02,11:00,Ituano,Água Santa,Resultado Final,1.95,3.00,4.20,Total de Gols Mais/Menos,+,2.42,-,1.50,Ambas equipes Marcam,Sim,2.12,Não,1.65,129,
05/02,16:00,Santo André,São Paulo,Resultado Final,4.75,3.10,1.82,Total de Gols Mais/Menos,+,2.35,-,1.53,Ambas equipes Marcam,Sim,2.12,Não,1.65,130,
05/02,18:30,Corinthians,Botafogo-SP,Resultado Final,1.38,4.50,7.50,Total de Gols Mais/Menos,+,2.05,-,1.70,Ambas equipes Marcam,Sim,2.55,Não,1.45,129,
05/02,20:30,Portuguesa Desportos,Inter de Limeira,Resultado Final,2.37,3.00,3.05,Total de Gols Mais/Menos,+,2.57,-,1.44,Ambas equipes Marcam,Sim,2.18,Não,1.62,128,
,,,,,,,,,,,,,,,,,,
01/02,19:00,Aimoré,São José-RS,Resultado Final,2.77,2.92,2.65,Total de Gols Mais/Menos,+,2.75,-,1.40,Ambas equipes Marcam,Sim,2.27,Não,1.57,134
01/02,20:00,CE Bento Goncalves RS,Grêmio,Resultado Final,8.75,5.00,1.31,Total de Gols Mais/Menos,+,1.98,-,1.75,Ambas equipes Marcam,Sim,2.72,Não,1.40,134
01/02,21:30,Brasil de Pelotas,Caxias,Resultado Final,2.67,2.90,2.77,Total de Gols Mais/Menos,+,2.75,-,1.40,Ambas equipes Marcam,Sim,2.25,Não,1.57,134
02/02,16:30,Internacional,Ypiranga-RS,Resultado Final,1.36,4.45,8.25,Total de Gols Mais/Menos,+,2.00,-,1.72,Ambas equipes Marcam,Sim,2.50,Não,1.47,135
,,,,,,,,,,,,,,,,,,
31/01,20:00,Ferroviário,Ceará,Resultado Final,6.10,3.60,1.55,Total de Gols Mais/Menos,+,1.83,-,1.78,Ambas equipes Marcam,Sim,1.87,Não,1.75,31
,,,,,,,,,,,,,
31/01,19:00,Rio Branco-ES,Estrela do Norte ES,Resultado Final,2.82,2.95,2.45,Total de Gols Mais/Menos,+,2.07,-,1.60,16
21/02,21:30,Independiente del Valle,Flamengo,Resultado Final,3.15,3.50,2.25,Total de Gols Mais/Menos,+,2.00,-,1.82,Ambas equipes Marcam,Sim,1.78,Não,1.98,197
,,,,,,,,,,,,,,,,,,
08/02,21:00,CA Nacional Potosi,El Nacional,Resultado Final,1.83,3.75,3.75,Total de Gols Mais/Menos,+,1.70,-,2.05,Ambas equipes Marcam,Sim,1.65,Não,2.12,135
09/02,21:00,CA Boston River,Zamora FC,Resultado Final,1.88,2.87,5.00,Total de Gols Mais/Menos,+,2.12,-,1.65,Ambas equipes Marcam,Sim,1.85,Não,1.87,132
21/02,21:00,Curico Unido,Cerro Porteno,Resultado Final,2.60,3.10,2.70,Total de Gols Mais/Menos,+,2.30,-,1.55,Ambas equipes Marcam,Sim,1.98,Não,1.75,131
22/02,21:30,Carabobo FC,Atlético-MG,Resultado Final,5.60,3.65,1.60,Total de Gols Mais/Menos,+,1.98,-,1.75,Ambas equipes Marcam,Sim,2.00,Não,1.72,132
23/02,19:00,Magallanes,Always Ready,Resultado Final,1.87,3.35,4.10,Total de Gols Mais/Menos,+,1.75,-,1.98,Ambas equipes Marcam,Sim,1.65,Não,2.12,135
23/02,21:00,Deportivo Maldonado,Fortaleza,Resultado Final,3.20,3.20,2.20,Total de Gols Mais/Menos,+,2.20,-,1.60,Ambas equipes Marcam,Sim,1.93,Não,1.78,132
23/02,21:00,Universidad Catolica Quito,Millonarios FC,Resultado Final,2.10,3.20,3.55,Total de Gols Mais/Menos,+,2.15,-,1.65,Ambas equipes Marcam,Sim,1.90,Não,1.82,181
07/02,21:00,Sport Huancayo,Nacional Asuncion,Resultado Final,1.85,3.40,4.10,Total de Gols Mais/Menos,+,1.93,-,1.78,Ambas equipes Marcam,Sim,1.80,Não,1.91,135
08/02,21:00,CA Nacional Potosi,El Nacional,Resultado Final,1.83,3.75,3.75,Total de Gols Mais/Menos,+,1.70,-,2.05,Ambas equipes Marcam,Sim,1.65,Não,2.12,135
09/02,21:00,CA Boston River,Zamora FC,Resultado Final,1.88,2.87,5.00,Total de Gols Mais/Menos,+,2.12,-,1.65,Ambas equipes Marcam,Sim,1.85,Não,1.87,132
21/02,21:00,Curico Unido,Cerro Porteno,Resultado Final,2.60,3.10,2.70,Total de Gols Mais/Menos,+,2.30,-,1.55,Ambas equipes Marcam,Sim,1.98,Não,1.75,131
22/02,21:30,Carabobo FC,Atlético-MG,Resultado Final,5.60,3.65,1.60,Total de Gols Mais/Menos,+,1.98,-,1.75,Ambas equipes Marcam,Sim,2.00,Não,1.72,132
23/02,19:00,Magallanes,Always Ready,Resultado Final,1.87,3.35,4.10,Total de Gols Mais/Menos,+,1.75,-,1.98,Ambas equipes Marcam,Sim,1.65,Não,2.12,135
23/02,21:00,Deportivo Maldonado,Fortaleza,Resultado Final,3.20,3.20,2.20,Total de Gols Mais/Menos,+,2.20,-,1.60,Ambas equipes Marcam,Sim,1.93,Não,1.78,132
23/02,21:00,Universidad Catolica Quito,Millonarios FC,Resultado Final,2.10,3.20,3.55,Total de Gols Mais/Menos,+,2.15,-,1.65,Ambas equipes Marcam,Sim,1.90,Não,1.82,181
07/03,19:00,Audax Italiano,Universidad Católica,Resultado Final,3.00,3.20,2.37,Total de Gols Mais/Menos,+,2.05,-,1.72,Ambas equipes Marcam,Sim,1.78,Não,1.93,181,
07/03,19:00,Tacuary Asuncion,General Caballero JLM,Em local neutro,Resultado Final,2.65,3.10,2.65,Total de Gols Mais/Menos,+,2.12,-,1.65,Ambas equipes Marcam,Sim,1.85,Não,1.87,133
07/03,21:00,River Plate Montevideo,CA Peñarol Montevideo,Resultado Final,3.65,3.60,1.90,Total de Gols Mais/Menos,+,1.93,-,1.78,Ambas equipes Marcam,Sim,1.85,Não,1.87,135,
07/03,23:00,L.D.U. Quito,Delfin SC,Resultado Final,1.50,3.70,7.30,Total de Gols Mais/Menos,+,1.85,-,1.90,Ambas equipes Marcam,Sim,1.88,Não,1.82,181,
08/03,19:00,Defensor Sporting,Danubio FC,Resultado Final,2.40,3.05,2.95,Total de Gols Mais/Menos,+,2.32,-,1.53,Ambas equipes Marcam,Sim,2.00,Não,1.72,132,
08/03,19:00,Guarani Asuncion,Sportivo Ameliano,Resultado Final,1.78,3.30,4.70,Total de Gols Mais/Menos,+,1.85,-,1.85,Ambas equipes Marcam,Sim,1.75,Não,1.98,136,
08/03,21:00,Rionegro Aguilas,Independiente Santa Fe,Resultado Final,2.70,3.05,2.72,Total de Gols Mais/Menos,+,2.62,-,1.45,Ambas equipes Marcam,Sim,2.15,Não,1.62,178,
08/03,23:00,Universidad Cesar Vallejo,Deportivo Binacional,Resultado Final,2.10,3.30,3.35,Total de Gols Mais/Menos,+,1.75,-,1.98,Ambas equipes Marcam,Sim,1.60,Não,2.20,136,
09/03,19:00,Cobresal,Palestino,Resultado Final,1.87,3.25,4.35,Total de Gols Mais/Menos,+,1.93,-,1.82,Ambas equipes Marcam,Sim,1.75,Não,1.98,184,
09/03,21:00,Deportes Tolima,Atlético Junior,Resultado Final,2.50,3.15,2.85,Total de Gols Mais/Menos,+,2.55,-,1.47,Ambas equipes Marcam,Sim,2.15,Não,1.62,178,
09/03,21:00,CS Emelec,Deportivo Cuenca,Resultado Final,1.53,3.85,6.50,Total de Gols Mais/Menos,+,1.95,-,1.80,Ambas equipes Marcam,Sim,2.00,Não,1.72,182,
09/03,23:00,Universitario de Deportes,Club Cienciano,Resultado Final,1.72,3.70,4.55,Total de Gols Mais/Menos,+,1.85,-,1.90,Ambas equipes Marcam,Sim,1.80,Não,1.91,186,
07/03,19:00,Audax Italiano,Universidad Católica,Resultado Final,3.00,3.20,2.37,Total de Gols Mais/Menos,+,2.05,-,1.72,Ambas equipes Marcam,Sim,1.78,Não,1.93,181,
07/03,19:00,Tacuary Asuncion,General Caballero JLM,Em local neutro,Resultado Final,2.65,3.10,2.65,Total de Gols Mais/Menos,+,2.12,-,1.65,Ambas equipes Marcam,Sim,1.85,Não,1.87,133
07/03,21:00,River Plate Montevideo,CA Peñarol Montevideo,Resultado Final,3.65,3.60,1.90,Total de Gols Mais/Menos,+,1.93,-,1.78,Ambas equipes Marcam,Sim,1.85,Não,1.87,135,
07/03,23:00,L.D.U. Quito,Delfin SC,Resultado Final,1.50,3.70,7.30,Total de Gols Mais/Menos,+,1.85,-,1.90,Ambas equipes Marcam,Sim,1.88,Não,1.82,181,
08/03,19:00,Defensor Sporting,Danubio FC,Resultado Final,2.40,3.05,2.95,Total de Gols Mais/Menos,+,2.32,-,1.53,Ambas equipes Marcam,Sim,2.00,Não,1.72,132,
08/03,19:00,Guarani Asuncion,Sportivo Ameliano,Resultado Final,1.78,3.30,4.70,Total de Gols Mais/Menos,+,1.85,-,1.85,Ambas equipes Marcam,Sim,1.75,Não,1.98,136,
08/03,21:00,Rionegro Aguilas,Independiente Santa Fe,Resultado Final,2.70,3.05,2.72,Total de Gols Mais/Menos,+,2.62,-,1.45,Ambas equipes Marcam,Sim,2.15,Não,1.62,178,
08/03,23:00,Universidad Cesar Vallejo,Deportivo Binacional,Resultado Final,2.10,3.30,3.35,Total de Gols Mais/Menos,+,1.75,-,1.98,Ambas equipes Marcam,Sim,1.60,Não,2.20,136,
09/03,19:00,Cobresal,Palestino,Resultado Final,1.87,3.25,4.35,Total de Gols Mais/Menos,+,1.93,-,1.82,Ambas equipes Marcam,Sim,1.75,Não,1.98,184,
09/03,21:00,Deportes Tolima,Atlético Junior,Resultado Final,2.50,3.15,2.85,Total de Gols Mais/Menos,+,2.55,-,1.47,Ambas equipes Marcam,Sim,2.15,Não,1.62,178,
09/03,21:00,CS Emelec,Deportivo Cuenca,Resultado Final,1.53,3.85,6.50,Total de Gols Mais/Menos,+,1.95,-,1.80,Ambas equipes Marcam,Sim,2.00,Não,1.72,182,
09/03,23:00,Universitario de Deportes,Club Cienciano,Resultado Final,1.72,3.70,4.55,Total de Gols Mais/Menos,+,1.85,-,1.90,Ambas equipes Marcam,Sim,1.80,Não,1.91,186,
14/02,17:00,AC Milan,Tottenham,Resultado Final,2.22,3.45,3.20,Total de Gols Mais/Menos,+,1.85,-,1.95,Ambas equipes Marcam,Sim,1.65,Não,2.15,199
14/02,17:00,Paris Saint Germain,Bayern Munique,Resultado Final,2.27,3.70,2.92,Total de Gols Mais/Menos,+,1.47,-,2.70,Ambas equipes Marcam,Sim,1.40,Não,2.82,206
15/02,17:00,Club Brugge KV,SL Benfica,Resultado Final,3.50,3.60,2.05,Total de Gols Mais/Menos,+,1.72,-,2.15,Ambas equipes Marcam,Sim,1.60,Não,2.25,201
15/02,17:00,Borussia Dortmund,Chelsea,Resultado Final,2.52,3.50,2.72,Total de Gols Mais/Menos,+,1.78,-,2.05,Ambas equipes Marcam,Sim,1.62,Não,2.22,203
21/02,17:00,Liverpool,Real Madrid,Resultado Final,2.10,3.60,3.35,Total de Gols Mais/Menos,+,1.62,-,2.30,Ambas equipes Marcam,Sim,1.52,Não,2.45,204
21/02,17:00,Eintracht Frankfurt,Napoli,Resultado Final,2.77,3.55,2.47,Total de Gols Mais/Menos,+,1.70,-,2.18,Ambas equipes Marcam,Sim,1.53,Não,2.40,203
22/02,17:00,RB Leipzig,Manchester City,Resultado Final,4.10,3.95,1.82,Total de Gols Mais/Menos,+,1.62,-,2.30,Ambas equipes Marcam,Sim,1.57,Não,2.30,202
22/02,17:00,Inter de Milão,FC Porto,Resultado Final,1.85,3.70,4.20,Total de Gols Mais/Menos,+,1.88,-,1.93,Ambas equipes Marcam,Sim,1.78,Não,1.98,198
14/02,17:00,AC Milan,Tottenham,Resultado Final,2.22,3.45,3.20,Total de Gols Mais/Menos,+,1.85,-,1.95,Ambas equipes Marcam,Sim,1.65,Não,2.15,199
14/02,17:00,Paris Saint Germain,Bayern Munique,Resultado Final,2.27,3.70,2.92,Total de Gols Mais/Menos,+,1.47,-,2.70,Ambas equipes Marcam,Sim,1.40,Não,2.82,206
15/02,17:00,Club Brugge KV,SL Benfica,Resultado Final,3.50,3.60,2.05,Total de Gols Mais/Menos,+,1.72,-,2.15,Ambas equipes Marcam,Sim,1.60,Não,2.25,201
15/02,17:00,Borussia Dortmund,Chelsea,Resultado Final,2.52,3.50,2.72,Total de Gols Mais/Menos,+,1.78,-,2.05,Ambas equipes Marcam,Sim,1.62,Não,2.22,203
21/02,17:00,Liverpool,Real Madrid,Resultado Final,2.10,3.60,3.35,Total de Gols Mais/Menos,+,1.62,-,2.30,Ambas equipes Marcam,Sim,1.52,Não,2.45,204
21/02,17:00,Eintracht Frankfurt,Napoli,Resultado Final,2.77,3.55,2.47,Total de Gols Mais/Menos,+,1.70,-,2.18,Ambas equipes Marcam,Sim,1.53,Não,2.40,203
22/02,17:00,RB Leipzig,Manchester City,Resultado Final,4.10,3.95,1.82,Total de Gols Mais/Menos,+,1.62,-,2.30,Ambas equipes Marcam,Sim,1.57,Não,2.30,202
22/02,17:00,Inter de Milão,FC Porto,Resultado Final,1.85,3.70,4.20,Total de Gols Mais/Menos,+,1.88,-,1.93,Ambas equipes Marcam,Sim,1.78,Não,1.98,198
,,,,,,,,,,,,,,,,,,
16/02,14:45,FC Shakhtar Donetsk,Rennes,Resultado Final,3.10,3.45,2.30,Total de Gols Mais/Menos,+,1.93,-,1.87,Ambas equipes Marcam,Sim,1.72,Não,2.05,199
16/02,14:45,AFC Ajax,1. FC Union Berlin,Resultado Final,1.75,3.70,4.85,Total de Gols Mais/Menos,+,1.87,-,1.95,Ambas equipes Marcam,Sim,1.78,Não,1.98,199
16/02,14:45,Salzburg,Roma,Resultado Final,2.72,3.40,2.57,Total de Gols Mais/Menos,+,1.90,-,1.91,Ambas equipes Marcam,Sim,1.70,Não,2.07,199
16/02,17:00,Juventus FC,Nantes,Resultado Final,1.39,4.80,8.25,Total de Gols Mais/Menos,+,1.88,-,1.93,Ambas equipes Marcam,Sim,2.22,Não,1.62,199
16/02,17:00,Sporting CP,FC Midtjylland,Resultado Final,1.39,4.90,7.80,Total de Gols Mais/Menos,+,1.62,-,2.32,Ambas equipes Marcam,Sim,1.85,Não,1.88,204
16/02,17:00,Bayer Leverkusen,Monaco,Resultado Final,1.80,3.85,4.25,Total de Gols Mais/Menos,+,1.72,-,2.12,Ambas equipes Marcam,Sim,1.65,Não,2.15,202
16/02,17:00,Sevilha FC,PSV Eindhoven,Resultado Final,2.32,3.55,2.95,Total de Gols Mais/Menos,+,1.83,-,1.98,Ambas equipes Marcam,Sim,1.65,Não,2.15,201
16/02,14:45,Barcelona,Manchester United,Resultado Final,1.78,4.15,4.10,Total de Gols Mais/Menos,+,1.55,-,2.50,Ambas equipes Marcam,Sim,1.55,Não,2.35,204
16/02,14:45,FC Shakhtar Donetsk,Rennes,Resultado Final,3.10,3.45,2.30,Total de Gols Mais/Menos,+,1.93,-,1.87,Ambas equipes Marcam,Sim,1.72,Não,2.05,199
16/02,14:45,AFC Ajax,1. FC Union Berlin,Resultado Final,1.75,3.70,4.85,Total de Gols Mais/Menos,+,1.87,-,1.95,Ambas equipes Marcam,Sim,1.78,Não,1.98,199
16/02,14:45,Salzburg,Roma,Resultado Final,2.72,3.40,2.57,Total de Gols Mais/Menos,+,1.90,-,1.91,Ambas equipes Marcam,Sim,1.70,Não,2.07,199
16/02,17:00,Juventus FC,Nantes,Resultado Final,1.39,4.80,8.25,Total de Gols Mais/Menos,+,1.88,-,1.93,Ambas equipes Marcam,Sim,2.22,Não,1.62,199
16/02,17:00,Sporting CP,FC Midtjylland,Resultado Final,1.39,4.90,7.80,Total de Gols Mais/Menos,+,1.62,-,2.32,Ambas equipes Marcam,Sim,1.85,Não,1.88,204
16/02,17:00,Bayer Leverkusen,Monaco,Resultado Final,1.80,3.85,4.25,Total de Gols Mais/Menos,+,1.72,-,2.12,Ambas equipes Marcam,Sim,1.65,Não,2.15,202
16/02,17:00,Sevilha FC,PSV Eindhoven,Resultado Final,2.32,3.55,2.95,Total de Gols Mais/Menos,+,1.83,-,1.98,Ambas equipes Marcam,Sim,1.65,Não,2.15,201
,,,,,,,,,,,,,,,,,,
16/02,14:45,Trabzonspor,Basel,Resultado Final,1.95,3.65,3.80,Total de Gols Mais/Menos,+,1.80,-,2.02,Ambas equipes Marcam,Sim,1.70,Não,2.07,198
16/02,14:45,FK Bodo/Glimt,Lech Poznan,Resultado Final,1.62,4.30,5.00,Total de Gols Mais/Menos,+,1.60,-,2.35,Ambas equipes Marcam,Sim,1.65,Não,2.15,201
16/02,14:45,SC Braga,Fiorentina,Resultado Final,2.52,3.45,2.75,Total de Gols Mais/Menos,+,1.78,-,2.05,Ambas equipes Marcam,Sim,1.60,Não,2.25,198
16/02,17:00,Lázio,Cluj,Resultado Final,1.42,4.75,7.60,Total de Gols Mais/Menos,+,1.80,-,2.02,Ambas equipes Marcam,Sim,2.05,Não,1.72,196
16/02,17:00,AEK Larnaca,SC Dnipro-1,Resultado Final,2.32,3.30,3.15,Total de Gols Mais/Menos,+,1.98,-,1.85,Ambas equipes Marcam,Sim,1.72,Não,2.05,195
16/02,17:00,FC Sheriff Tiraspol,FK Partizan Belgrade,Resultado Final,2.57,3.25,2.85,Total de Gols Mais/Menos,+,2.05,-,1.78,Ambas equipes Marcam,Sim,1.75,Não,2.00,195
16/02,17:00,Ludogorets,RSC Anderlecht,Resultado Final,2.27,3.40,3.15,Total de Gols Mais/Menos,+,1.95,-,1.85,Ambas equipes Marcam,Sim,1.75,Não,2.02,195
,,,,,,,,,,,,,,,,,,
16/02,14:45,Trabzonspor,Basel,Resultado Final,1.95,3.65,3.80,Total de Gols Mais/Menos,+,1.80,-,2.02,Ambas equipes Marcam,Sim,1.70,Não,2.07,198
16/02,14:45,FK Bodo/Glimt,Lech Poznan,Resultado Final,1.62,4.30,5.00,Total de Gols Mais/Menos,+,1.60,-,2.35,Ambas equipes Marcam,Sim,1.65,Não,2.15,201
16/02,14:45,SC Braga,Fiorentina,Resultado Final,2.52,3.45,2.75,Total de Gols Mais/Menos,+,1.78,-,2.05,Ambas equipes Marcam,Sim,1.60,Não,2.25,198
16/02,17:00,Lázio,Cluj,Resultado Final,1.42,4.75,7.60,Total de Gols Mais/Menos,+,1.80,-,2.02,Ambas equipes Marcam,Sim,2.05,Não,1.72,196
16/02,17:00,AEK Larnaca,SC Dnipro-1,Resultado Final,2.32,3.30,3.15,Total de Gols Mais/Menos,+,1.98,-,1.85,Ambas equipes Marcam,Sim,1.72,Não,2.05,195
16/02,17:00,FC Sheriff Tiraspol,FK Partizan Belgrade,Resultado Final,2.57,3.25,2.85,Total de Gols Mais/Menos,+,2.05,-,1.78,Ambas equipes Marcam,Sim,1.75,Não,2.00,195
16/02,17:00,Ludogorets,RSC Anderlecht,Resultado Final,2.27,3.40,3.15,Total de Gols Mais/Menos,+,1.95,-,1.85,Ambas equipes Marcam,Sim,1.75,Não,2.02,195
03/02,17:00,Chelsea,Fulham FC,Resultado Final,1.57,4.10,5.80,Total de Gols Mais/Menos,+,1.91,-,1.90,Ambas equipes Marcam,Sim,1.95,Não,1.80,336,
04/02,09:30,Everton,Arsenal,Resultado Final,8.25,4.60,1.40,Total de Gols Mais/Menos,+,1.82,-,2.00,Ambas equipes Marcam,Sim,2.07,Não,1.70,337,
04/02,12:00,Aston Villa,Leicester,Resultado Final,2.02,3.50,3.70,Total de Gols Mais/Menos,+,1.91,-,1.90,Ambas equipes Marcam,Sim,1.72,Não,2.05,334,
04/02,12:00,Brentford,Southampton,Resultado Final,1.91,3.60,4.05,Total de Gols Mais/Menos,+,1.95,-,1.87,Ambas equipes Marcam,Sim,1.78,Não,1.95,334,
04/02,12:00,Wolverhampton,Liverpool,Resultado Final,4.05,3.80,1.85,Total de Gols Mais/Menos,+,1.78,-,2.05,Ambas equipes Marcam,Sim,1.70,Não,2.07,337,
04/02,12:00,Brighton & Hove Albion,AFC Bournemouth,Resultado Final,1.36,5.00,9.00,Total de Gols Mais/Menos,+,1.70,-,2.18,Ambas equipes Marcam,Sim,2.02,Não,1.75,338,
04/02,12:00,Manchester United,Crystal Palace,Resultado Final,1.40,4.65,8.50,Total de Gols Mais/Menos,+,1.82,-,2.00,Ambas equipes Marcam,Sim,2.07,Não,1.70,210,
04/02,14:30,Newcastle United,West Ham United,Resultado Final,1.60,3.80,6.30,Total de Gols Mais/Menos,+,2.02,-,1.80,Ambas equipes Marcam,Sim,2.02,Não,1.75,334,
05/02,11:00,Nottingham Forest,Leeds United,Resultado Final,2.62,3.40,2.67,Total de Gols Mais/Menos,+,1.91,-,1.90,Ambas equipes Marcam,Sim,1.70,Não,2.07,337,
05/02,13:30,Tottenham,Manchester City,Resultado Final,4.40,4.10,1.72,Total de Gols Mais/Menos,+,1.60,-,2.35,Ambas equipes Marcam,Sim,1.60,Não,2.25,338,
08/02,17:00,Manchester United,Leeds United,Resultado Final,1.45,4.85,6.50,Total de Gols Mais/Menos,+,1.60,-,2.35,Ambas equipes Marcam,Sim,1.80,Não,1.95,264,
11/02,09:30,West Ham United,Chelsea,Resultado Final,3.40,3.40,2.18,Total de Gols Mais/Menos,+,2.07,-,1.75,Ambas equipes Marcam,Sim,1.83,Não,1.91,195,
11/02,12:00,Crystal Palace,Brighton & Hove Albion,Resultado Final,3.50,3.40,2.12,Total de Gols Mais/Menos,+,2.10,-,1.75,Ambas equipes Marcam,Sim,1.87,Não,1.87,195,
11/02,12:00,Arsenal,Brentford,Resultado Final,1.39,4.90,7.80,Total de Gols Mais/Menos,+,1.70,-,2.18,Ambas equipes Marcam,Sim,1.93,Não,1.82,200,
11/02,12:00,Fulham FC,Nottingham Forest,Resultado Final,1.98,3.65,3.70,Total de Gols Mais/Menos,+,1.95,-,1.87,Ambas equipes Marcam,Sim,1.78,Não,1.95,196,
11/02,12:00,Leicester,Tottenham,Resultado Final,3.40,3.65,2.07,Total de Gols Mais/Menos,+,1.80,-,2.02,Ambas equipes Marcam,Sim,1.65,Não,2.15,200,
11/02,12:00,Southampton,Wolverhampton,Resultado Final,2.50,3.35,2.85,Total de Gols Mais/Menos,+,2.30,-,1.62,Ambas equipes Marcam,Sim,1.95,Não,1.78,195,
11/02,14:30,AFC Bournemouth,Newcastle United,Resultado Final,7.00,4.20,1.50,Total de Gols Mais/Menos,+,1.95,-,1.87,Ambas equipes Marcam,Sim,2.07,Não,1.70,195,
12/02,11:00,Leeds United,Manchester United,Resultado Final,4.10,4.00,1.80,Total de Gols Mais/Menos,+,1.70,-,2.18,Ambas equipes Marcam,Sim,1.65,Não,2.15,200,
12/02,13:30,Manchester City,Aston Villa,Resultado Final,1.25,6.10,12.00,Total de Gols Mais/Menos,+,1.50,-,2.60,Ambas equipes Marcam,Sim,1.98,Não,1.78,201,
13/02,17:00,Liverpool,Everton,Resultado Final,1.39,4.80,8.00,Total de Gols Mais/Menos,+,1.83,-,1.98,Ambas equipes Marcam,Sim,2.15,Não,1.65,197,
15/02,16:30,Arsenal,Manchester City,Resultado Final,3.55,3.70,2.00,Total de Gols Mais/Menos,+,1.72,-,2.12,Ambas equipes Marcam,Sim,1.62,Não,2.20,202,
31/01,16:45,Birmingham,Blackburn Rovers,Primeiro jogo: 2-2,Resultado Final,2.35,3.25,2.95,Total de Gols Mais/Menos,+,2.15,-,1.65,Ambas equipes Marcam,Sim,1.85,Não,1.85,252
07/02,16:45,Burnley,Ipswich Town,Primeiro jogo: 0-0,Resultado Final,1.93,3.40,3.85,Total de Gols Mais/Menos,+,2.07,-,1.70,Ambas equipes Marcam,Sim,1.93,Não,1.78,185
07/02,16:45,Fleetwood Town,Sheffield Wednesday,Primeiro jogo: 1-1,Resultado Final,4.10,3.50,1.85,Total de Gols Mais/Menos,+,1.90,-,1.85,Ambas equipes Marcam,Sim,1.78,Não,1.93,186
07/02,16:45,Grimsby Town,Luton Town,Primeiro jogo: 2-2,Resultado Final,4.00,3.45,1.85,Total de Gols Mais/Menos,+,1.95,-,1.75,Ambas equipes Marcam,Sim,1.85,Não,1.85,137
07/02,16:45,Sheffield United,Wrexham FC,Primeiro jogo: 3-3,Resultado Final,1.42,4.40,7.10,Total de Gols Mais/Menos,+,1.60,-,2.25,Ambas equipes Marcam,Sim,1.78,Não,1.93,185
07/02,16:45,Sunderland,Fulham FC,Primeiro jogo: 1-1,Resultado Final,4.25,4.10,1.75,Total de Gols Mais/Menos,+,1.78,-,2.05,Ambas equipes Marcam,Sim,1.75,Não,2.00,202
01/03,17:00,Bristol City,Manchester City,Resultado Final,14.50,6.60,1.18,Total de Gols Mais/Menos,+,1.37,-,2.95,Ambas equipes Marcam,Sim,1.93,Não,1.78,184,
01/03,17:00,Stoke City,Brighton & Hove Albion,Resultado Final,5.00,3.55,1.70,Total de Gols Mais/Menos,+,1.83,-,1.90,Ambas equipes Marcam,Sim,1.75,Não,1.95,182,
01/03,17:00,Manchester United,West Ham United,Resultado Final,1.53,4.05,6.60,Total de Gols Mais/Menos,+,1.88,-,1.93,Ambas equipes Marcam,Sim,1.93,Não,1.80,195,
31/01,17:00,Newcastle United,Southampton,Primeiro jogo: 1-0,Resultado Final,1.42,4.35,8.50,Total de Gols Mais/Menos,+,1.93,-,1.87,Ambas equipes Marcam,Sim,2.15,Não,1.65,409
01/02,17:00,Manchester United,Nottingham Forest,Primeiro jogo: 3-0,Resultado Final,1.38,4.65,9.00,Total de Gols Mais/Menos,+,1.75,-,2.07,Ambas equipes Marcam,Sim,2.02,Não,1.75,404
31/01,16:45,Luton Town,Cardiff City,Resultado Final,1.93,3.40,4.20,Total de Gols Mais/Menos,+,2.27,-,1.65,Ambas equipes Marcam,Sim,2.02,Não,1.75,338,
03/02,17:00,West Bromwich Albion,Coventry City,Resultado Final,1.82,3.65,4.40,Total de Gols Mais/Menos,+,1.93,-,1.88,Ambas equipes Marcam,Sim,1.80,Não,1.95,277,
04/02,09:30,Norwich City,Burnley,Resultado Final,2.57,3.35,2.77,Total de Gols Mais/Menos,+,1.98,-,1.83,Ambas equipes Marcam,Sim,1.75,Não,2.02,275,
04/02,09:30,Rotherham,Sheffield United,Resultado Final,4.55,3.90,1.75,Total de Gols Mais/Menos,+,2.02,-,1.80,Ambas equipes Marcam,Sim,1.98,Não,1.78,275,
04/02,12:00,Huddersfield Town,Queens Park Rangers,Resultado Final,3.05,3.25,2.42,Total de Gols Mais/Menos,+,2.25,-,1.65,Ambas equipes Marcam,Sim,1.91,Não,1.83,271,
04/02,12:00,Hull City,Cardiff City,Resultado Final,2.22,3.30,3.35,Total de Gols Mais/Menos,+,2.25,-,1.65,Ambas equipes Marcam,Sim,1.93,Não,1.80,273,
04/02,12:00,Luton Town,Stoke City,Resultado Final,2.22,3.30,3.35,Total de Gols Mais/Menos,+,2.18,-,1.70,Ambas equipes Marcam,Sim,1.90,Não,1.83,273,
04/02,12:00,Middlesbrough,Blackpool FC,Resultado Final,1.60,4.10,5.60,Total de Gols Mais/Menos,+,1.83,-,1.98,Ambas equipes Marcam,Sim,1.87,Não,1.87,275,
04/02,12:00,Millwall FC,Sunderland,Resultado Final,2.22,3.35,3.30,Total de Gols Mais/Menos,+,2.18,-,1.70,Ambas equipes Marcam,Sim,1.90,Não,1.83,273,
04/02,12:00,Preston,Bristol City,Resultado Final,2.32,3.30,3.15,Total de Gols Mais/Menos,+,2.18,-,1.70,Ambas equipes Marcam,Sim,1.88,Não,1.87,273,
04/02,12:00,Reading,Watford,Resultado Final,2.80,3.25,2.60,Total de Gols Mais/Menos,+,2.18,-,1.70,Ambas equipes Marcam,Sim,1.87,Não,1.87,272,
04/02,12:00,Swansea City,Birmingham,Resultado Final,1.90,3.75,3.90,Total de Gols Mais/Menos,+,2.05,-,1.78,Ambas equipes Marcam,Sim,1.93,Não,1.82,275,
06/02,17:00,Blackburn Rovers,Wigan,Resultado Final,1.95,3.50,3.95,Total de Gols Mais/Menos,+,2.05,-,1.78,Ambas equipes Marcam,Sim,1.87,Não,1.88,276,
21/02,16:45,Rotherham,Sunderland,Resultado Final,2.87,3.40,2.45,Total de Gols Mais/Menos,+,2.00,-,1.82,Ambas equipes Marcam,Sim,1.75,Não,2.00,201,
01/02,16:45,Oxford Utd,Barnsley FC,Resultado Final,2.55,3.35,2.62,Total de Gols Mais/Menos,+,1.93,-,1.82,Ambas equipes Marcam,Sim,1.72,Não,2.00,236,
04/02,12:00,Sheffield Wednesday,Plymouth Argyle,Resultado Final,1.72,3.70,4.55,Total de Gols Mais/Menos,+,2.00,-,1.75,Ambas equipes Marcam,Sim,1.93,Não,1.78,226,
04/02,12:00,Derby County,Morecambe FC,Resultado Final,1.32,4.75,9.75,Total de Gols Mais/Menos,+,1.65,-,2.15,Ambas equipes Marcam,Sim,2.02,Não,1.70,226,
04/02,12:00,Bolton,Cheltenham,Resultado Final,1.50,4.10,6.20,Total de Gols Mais/Menos,+,1.83,-,1.91,Ambas equipes Marcam,Sim,1.93,Não,1.78,226,
04/02,12:00,Bristol Rovers,MK Dons,Resultado Final,2.12,3.50,3.20,Total de Gols Mais/Menos,+,1.88,-,1.85,Ambas equipes Marcam,Sim,1.72,Não,2.00,227,
04/02,12:00,Port Vale,Wycombe,Resultado Final,2.52,3.35,2.67,Total de Gols Mais/Menos,+,2.05,-,1.72,Ambas equipes Marcam,Sim,1.82,Não,1.88,224,
04/02,12:00,Cambridge United,Ipswich Town,Resultado Final,6.10,4.25,1.50,Total de Gols Mais/Menos,+,1.78,-,1.98,Ambas equipes Marcam,Sim,1.91,Não,1.80,227,
04/02,12:00,Portsmouth FC,Barnsley FC,Resultado Final,2.32,3.35,2.95,Total de Gols Mais/Menos,+,1.91,-,1.83,Ambas equipes Marcam,Sim,1.70,Não,2.02,227,
04/02,12:00,Exeter City,Charlton,Resultado Final,2.37,3.20,3.00,Total de Gols Mais/Menos,+,1.98,-,1.78,Ambas equipes Marcam,Sim,1.72,Não,2.00,226,
04/02,12:00,Accrington Stanley,Lincoln City,Resultado Final,2.27,3.20,3.20,Total de Gols Mais/Menos,+,1.95,-,1.78,Ambas equipes Marcam,Sim,1.72,Não,2.00,227,
04/02,12:00,Fleetwood Town,Burton Albion,Resultado Final,2.10,3.35,3.40,Total de Gols Mais/Menos,+,2.02,-,1.75,Ambas equipes Marcam,Sim,1.82,Não,1.88,225,
04/02,12:00,Forest Green Rovers,Peterborough,Resultado Final,3.75,3.65,1.90,Total de Gols Mais/Menos,+,1.78,-,1.95,Ambas equipes Marcam,Sim,1.70,Não,2.05,228,
04/02,12:00,Oxford Utd,Shrewsbury,Resultado Final,1.85,3.45,4.20,Total de Gols Mais/Menos,+,1.91,-,1.83,Ambas equipes Marcam,Sim,1.78,Não,1.93,227,
03/02,17:00,Chelsea,Fulham FC,Resultado Final,1.57,4.10,5.80,Total de Gols Mais/Menos,+,1.91,-,1.90,Ambas equipes Marcam,Sim,1.95,Não,1.80,336
04/02,09:30,Everton,Arsenal,Resultado Final,8.25,4.60,1.40,Total de Gols Mais/Menos,+,1.82,-,2.00,Ambas equipes Marcam,Sim,2.07,Não,1.70,337
04/02,12:00,Aston Villa,Leicester,Resultado Final,2.02,3.50,3.70,Total de Gols Mais/Menos,+,1.91,-,1.90,Ambas equipes Marcam,Sim,1.72,Não,2.05,334
04/02,12:00,Brentford,Southampton,Resultado Final,1.91,3.60,4.05,Total de Gols Mais/Menos,+,1.95,-,1.87,Ambas equipes Marcam,Sim,1.78,Não,1.95,334
04/02,12:00,Wolverhampton,Liverpool,Resultado Final,4.05,3.80,1.85,Total de Gols Mais/Menos,+,1.78,-,2.05,Ambas equipes Marcam,Sim,1.70,Não,2.07,337
04/02,12:00,Brighton & Hove Albion,AFC Bournemouth,Resultado Final,1.36,5.00,9.00,Total de Gols Mais/Menos,+,1.70,-,2.18,Ambas equipes Marcam,Sim,2.02,Não,1.75,338
04/02,12:00,Manchester United,Crystal Palace,Resultado Final,1.40,4.65,8.50,Total de Gols Mais/Menos,+,1.82,-,2.00,Ambas equipes Marcam,Sim,2.07,Não,1.70,210
04/02,14:30,Newcastle United,West Ham United,Resultado Final,1.60,3.80,6.30,Total de Gols Mais/Menos,+,2.02,-,1.80,Ambas equipes Marcam,Sim,2.02,Não,1.75,334
05/02,11:00,Nottingham Forest,Leeds United,Resultado Final,2.62,3.40,2.67,Total de Gols Mais/Menos,+,1.91,-,1.90,Ambas equipes Marcam,Sim,1.70,Não,2.07,337
05/02,13:30,Tottenham,Manchester City,Resultado Final,4.40,4.10,1.72,Total de Gols Mais/Menos,+,1.60,-,2.35,Ambas equipes Marcam,Sim,1.60,Não,2.25,338
08/02,17:00,Manchester United,Leeds United,Resultado Final,1.45,4.85,6.50,Total de Gols Mais/Menos,+,1.60,-,2.35,Ambas equipes Marcam,Sim,1.80,Não,1.95,264
11/02,09:30,West Ham United,Chelsea,Resultado Final,3.40,3.40,2.18,Total de Gols Mais/Menos,+,2.07,-,1.75,Ambas equipes Marcam,Sim,1.83,Não,1.91,195
11/02,12:00,Crystal Palace,Brighton & Hove Albion,Resultado Final,3.50,3.40,2.12,Total de Gols Mais/Menos,+,2.10,-,1.75,Ambas equipes Marcam,Sim,1.87,Não,1.87,195
11/02,12:00,Arsenal,Brentford,Resultado Final,1.39,4.90,7.80,Total de Gols Mais/Menos,+,1.70,-,2.18,Ambas equipes Marcam,Sim,1.93,Não,1.82,200
11/02,12:00,Fulham FC,Nottingham Forest,Resultado Final,1.98,3.65,3.70,Total de Gols Mais/Menos,+,1.95,-,1.87,Ambas equipes Marcam,Sim,1.78,Não,1.95,196
11/02,12:00,Leicester,Tottenham,Resultado Final,3.40,3.65,2.07,Total de Gols Mais/Menos,+,1.80,-,2.02,Ambas equipes Marcam,Sim,1.65,Não,2.15,200
11/02,12:00,Southampton,Wolverhampton,Resultado Final,2.50,3.35,2.85,Total de Gols Mais/Menos,+,2.30,-,1.62,Ambas equipes Marcam,Sim,1.95,Não,1.78,195
11/02,14:30,AFC Bournemouth,Newcastle United,Resultado Final,7.00,4.20,1.50,Total de Gols Mais/Menos,+,1.95,-,1.87,Ambas equipes Marcam,Sim,2.07,Não,1.70,195
12/02,11:00,Leeds United,Manchester United,Resultado Final,4.10,4.00,1.80,Total de Gols Mais/Menos,+,1.70,-,2.18,Ambas equipes Marcam,Sim,1.65,Não,2.15,200
12/02,13:30,Manchester City,Aston Villa,Resultado Final,1.25,6.10,12.00,Total de Gols Mais/Menos,+,1.50,-,2.60,Ambas equipes Marcam,Sim,1.98,Não,1.78,201
13/02,17:00,Liverpool,Everton,Resultado Final,1.39,4.80,8.00,Total de Gols Mais/Menos,+,1.83,-,1.98,Ambas equipes Marcam,Sim,2.15,Não,1.65,197
15/02,16:30,Arsenal,Manchester City,Resultado Final,3.55,3.70,2.00,Total de Gols Mais/Menos,+,1.72,-,2.12,Ambas equipes Marcam,Sim,1.62,Não,2.20,202
,,,,,,,,,,,,,,,,,,,
07/02,16:45,Burnley,Ipswich Town,Primeiro jogo: 0-0,Resultado Final,1.93,3.40,3.85,Total de Gols Mais/Menos,+,2.07,-,1.70,Ambas equipes Marcam,Sim,1.93,Não,1.78,185
07/02,16:45,Fleetwood Town,Sheffield Wednesday,Primeiro jogo: 1-1,Resultado Final,4.10,3.50,1.85,Total de Gols Mais/Menos,+,1.90,-,1.85,Ambas equipes Marcam,Sim,1.78,Não,1.93,186
07/02,16:45,Grimsby Town,Luton Town,Primeiro jogo: 2-2,Resultado Final,4.00,3.45,1.85,Total de Gols Mais/Menos,+,1.95,-,1.75,Ambas equipes Marcam,Sim,1.85,Não,1.85,137
07/02,16:45,Sheffield United,Wrexham FC,Primeiro jogo: 3-3,Resultado Final,1.42,4.40,7.10,Total de Gols Mais/Menos,+,1.60,-,2.25,Ambas equipes Marcam,Sim,1.78,Não,1.93,185
07/02,16:45,Sunderland,Fulham FC,Primeiro jogo: 1-1,Resultado Final,4.25,4.10,1.75,Total de Gols Mais/Menos,+,1.78,-,2.05,Ambas equipes Marcam,Sim,1.75,Não,2.00,202
01/03,17:00,Bristol City,Manchester City,Resultado Final,14.50,6.60,1.18,Total de Gols Mais/Menos,+,1.37,-,2.95,Ambas equipes Marcam,Sim,1.93,Não,1.78,184,
01/03,17:00,Stoke City,Brighton & Hove Albion,Resultado Final,5.00,3.55,1.70,Total de Gols Mais/Menos,+,1.83,-,1.90,Ambas equipes Marcam,Sim,1.75,Não,1.95,182,
01/03,17:00,Manchester United,West Ham United,Resultado Final,1.53,4.05,6.60,Total de Gols Mais/Menos,+,1.88,-,1.93,Ambas equipes Marcam,Sim,1.93,Não,1.80,195,
,,,,,,,,,,,,,,,,,,,
01/02,17:00,Manchester United,Nottingham Forest,Primeiro jogo: 3-0,Resultado Final,1.38,4.65,9.00,Total de Gols Mais/Menos,+,1.75,-,2.07,Ambas equipes Marcam,Sim,2.02,Não,1.75,404
31/01,16:45,Luton Town,Cardiff City,Resultado Final,1.93,3.40,4.20,Total de Gols Mais/Menos,+,2.27,-,1.65,Ambas equipes Marcam,Sim,2.02,Não,1.75,338
03/02,17:00,West Bromwich Albion,Coventry City,Resultado Final,1.82,3.65,4.40,Total de Gols Mais/Menos,+,1.93,-,1.88,Ambas equipes Marcam,Sim,1.80,Não,1.95,277
04/02,09:30,Norwich City,Burnley,Resultado Final,2.57,3.35,2.77,Total de Gols Mais/Menos,+,1.98,-,1.83,Ambas equipes Marcam,Sim,1.75,Não,2.02,275
04/02,09:30,Rotherham,Sheffield United,Resultado Final,4.55,3.90,1.75,Total de Gols Mais/Menos,+,2.02,-,1.80,Ambas equipes Marcam,Sim,1.98,Não,1.78,275
04/02,12:00,Huddersfield Town,Queens Park Rangers,Resultado Final,3.05,3.25,2.42,Total de Gols Mais/Menos,+,2.25,-,1.65,Ambas equipes Marcam,Sim,1.91,Não,1.83,271
04/02,12:00,Hull City,Cardiff City,Resultado Final,2.22,3.30,3.35,Total de Gols Mais/Menos,+,2.25,-,1.65,Ambas equipes Marcam,Sim,1.93,Não,1.80,273
04/02,12:00,Luton Town,Stoke City,Resultado Final,2.22,3.30,3.35,Total de Gols Mais/Menos,+,2.18,-,1.70,Ambas equipes Marcam,Sim,1.90,Não,1.83,273
04/02,12:00,Middlesbrough,Blackpool FC,Resultado Final,1.60,4.10,5.60,Total de Gols Mais/Menos,+,1.83,-,1.98,Ambas equipes Marcam,Sim,1.87,Não,1.87,275
04/02,12:00,Millwall FC,Sunderland,Resultado Final,2.22,3.35,3.30,Total de Gols Mais/Menos,+,2.18,-,1.70,Ambas equipes Marcam,Sim,1.90,Não,1.83,273
04/02,12:00,Preston,Bristol City,Resultado Final,2.32,3.30,3.15,Total de Gols Mais/Menos,+,2.18,-,1.70,Ambas equipes Marcam,Sim,1.88,Não,1.87,273
04/02,12:00,Reading,Watford,Resultado Final,2.80,3.25,2.60,Total de Gols Mais/Menos,+,2.18,-,1.70,Ambas equipes Marcam,Sim,1.87,Não,1.87,272
04/02,12:00,Swansea City,Birmingham,Resultado Final,1.90,3.75,3.90,Total de Gols Mais/Menos,+,2.05,-,1.78,Ambas equipes Marcam,Sim,1.93,Não,1.82,275
06/02,17:00,Blackburn Rovers,Wigan,Resultado Final,1.95,3.50,3.95,Total de Gols Mais/Menos,+,2.05,-,1.78,Ambas equipes Marcam,Sim,1.87,Não,1.88,276
21/02,16:45,Rotherham,Sunderland,Resultado Final,2.87,3.40,2.45,Total de Gols Mais/Menos,+,2.00,-,1.82,Ambas equipes Marcam,Sim,1.75,Não,2.00,201
01/02,16:45,Oxford Utd,Barnsley FC,Resultado Final,2.55,3.35,2.62,Total de Gols Mais/Menos,+,1.93,-,1.82,Ambas equipes Marcam,Sim,1.72,Não,2.00,236
04/02,12:00,Sheffield Wednesday,Plymouth Argyle,Resultado Final,1.72,3.70,4.55,Total de Gols Mais/Menos,+,2.00,-,1.75,Ambas equipes Marcam,Sim,1.93,Não,1.78,226
04/02,12:00,Derby County,Morecambe FC,Resultado Final,1.32,4.75,10.00,Total de Gols Mais/Menos,+,1.65,-,2.15,Ambas equipes Marcam,Sim,2.02,Não,1.70,226
04/02,12:00,Bolton,Cheltenham,Resultado Final,1.50,4.10,6.20,Total de Gols Mais/Menos,+,1.83,-,1.91,Ambas equipes Marcam,Sim,1.93,Não,1.78,226
04/02,12:00,Bristol Rovers,MK Dons,Resultado Final,2.12,3.50,3.20,Total de Gols Mais/Menos,+,1.88,-,1.85,Ambas equipes Marcam,Sim,1.72,Não,2.00,227
04/02,12:00,Port Vale,Wycombe,Resultado Final,2.52,3.35,2.67,Total de Gols Mais/Menos,+,2.05,-,1.72,Ambas equipes Marcam,Sim,1.82,Não,1.88,224
04/02,12:00,Cambridge United,Ipswich Town,Resultado Final,6.10,4.25,1.50,Total de Gols Mais/Menos,+,1.78,-,1.98,Ambas equipes Marcam,Sim,1.91,Não,1.80,227
04/02,12:00,Portsmouth FC,Barnsley FC,Resultado Final,2.32,3.35,2.95,Total de Gols Mais/Menos,+,1.91,-,1.83,Ambas equipes Marcam,Sim,1.70,Não,2.02,227
04/02,12:00,Exeter City,Charlton,Resultado Final,2.37,3.20,3.00,Total de Gols Mais/Menos,+,1.98,-,1.78,Ambas equipes Marcam,Sim,1.72,Não,2.00,226
04/02,12:00,Accrington Stanley,Lincoln City,Resultado Final,2.27,3.20,3.15,Total de Gols Mais/Menos,+,1.95,-,1.78,Ambas equipes Marcam,Sim,1.72,Não,2.00,225
04/02,12:00,Fleetwood Town,Burton Albion,Resultado Final,2.10,3.35,3.40,Total de Gols Mais/Menos,+,2.02,-,1.75,Ambas equipes Marcam,Sim,1.82,Não,1.88,225
04/02,12:00,Forest Green Rovers,Peterborough,Resultado Final,3.75,3.65,1.90,Total de Gols Mais/Menos,+,1.78,-,1.95,Ambas equipes Marcam,Sim,1.70,Não,2.05,228
04/02,12:00,Oxford Utd,Shrewsbury,Resultado Final,1.85,3.45,4.20,Total de Gols Mais/Menos,+,1.91,-,1.83,Ambas equipes Marcam,Sim,1.78,Não,1.93,227
31/01,16:45,Salford City,Walsall FC,Resultado Final,2.32,3.20,3.05,Total de Gols Mais/Menos,+,2.20,-,1.62,Ambas equipes Marcam,Sim,1.91,Não,1.80,202
31/01,16:45,Carlisle United,Barrow FC,Resultado Final,2.15,3.15,3.45,Total de Gols Mais/Menos,+,2.30,-,1.57,Ambas equipes Marcam,Sim,2.00,Não,1.72,202
31/01,16:45,Crewe Alexandra,Stockport County,Resultado Final,4.90,3.85,1.65,Total de Gols Mais/Menos,+,2.02,-,1.75,Ambas equipes Marcam,Sim,2.02,Não,1.72,203
04/02,09:45,Newport County,Swindon,Resultado Final,2.50,3.15,2.82,Total de Gols Mais/Menos,+,2.05,-,1.72,Ambas equipes Marcam,Sim,1.78,Não,1.93,202
04/02,12:00,Gillingham FC,Crawley Town,Resultado Final,2.12,3.20,3.55,Total de Gols Mais/Menos,+,2.25,-,1.60,Ambas equipes Marcam,Sim,1.98,Não,1.75,202
04/02,12:00,Colchester United,Barrow FC,Resultado Final,2.65,3.20,2.65,Total de Gols Mais/Menos,+,2.15,-,1.65,Ambas equipes Marcam,Sim,1.85,Não,1.87,200
04/02,12:00,Crewe Alexandra,Grimsby Town,Resultado Final,3.05,3.30,2.27,Total de Gols Mais/Menos,+,2.02,-,1.75,Ambas equipes Marcam,Sim,1.78,Não,1.93,202
04/02,12:00,Doncaster,Hartlepool United,Resultado Final,1.95,3.50,3.70,Total de Gols Mais/Menos,+,1.95,-,1.80,Ambas equipes Marcam,Sim,1.80,Não,1.91,205
04/02,12:00,Leyton Orient,AFC Wimbledon,Resultado Final,1.83,3.45,4.25,Total de Gols Mais/Menos,+,2.25,-,1.60,Ambas equipes Marcam,Sim,2.10,Não,1.65,202
04/02,12:00,Carlisle United,Harrogate Town,Resultado Final,1.78,3.60,4.40,Total de Gols Mais/Menos,+,1.93,-,1.82,Ambas equipes Marcam,Sim,1.83,Não,1.87,205
04/02,12:00,Bradford City,Mansfield Town,Resultado Final,2.55,3.15,2.77,Total de Gols Mais/Menos,+,2.07,-,1.70,Ambas equipes Marcam,Sim,1.80,Não,1.91,201
04/02,12:00,Northampton Town,Walsall FC,Resultado Final,2.02,3.25,3.70,Total de Gols Mais/Menos,+,2.15,-,1.65,Ambas equipes Marcam,Sim,1.93,Não,1.78,202
04/02,12:00,Salford City,Rochdale AFC,Resultado Final,2.00,3.35,3.75,Total de Gols Mais/Menos,+,2.07,-,1.70,Ambas equipes Marcam,Sim,1.87,Não,1.83,204
04/02,12:00,Stockport County,Tranmere,Resultado Final,1.60,3.65,5.80,Total de Gols Mais/Menos,+,2.15,-,1.65,Ambas equipes Marcam,Sim,2.12,Não,1.65,203
04/02,12:00,Sutton United,Stevenage Borough,Resultado Final,3.25,3.15,2.25,Total de Gols Mais/Menos,+,2.20,-,1.62,Ambas equipes Marcam,Sim,1.90,Não,1.80,202
07/02,16:45,Crewe Alexandra,Leyton Orient,Resultado Final,3.95,3.25,1.98,Total de Gols Mais/Menos,+,2.25,-,1.60,Ambas equipes Marcam,Sim,2.00,Não,1.72,182
07/02,16:45,Grimsby Town,Harrogate Town,Resultado Final,1.91,3.50,3.80,Total de Gols Mais/Menos,+,1.87,-,1.87,Ambas equipes Marcam,Sim,1.75,Não,1.98,185
21/02,17:00,Plymouth Argyle,Cheltenham,Resultado Final,1.50,4.35,5.80,Total de Gols Mais/Menos,+,1.70,-,2.07,Ambas equipes Marcam,Sim,1.82,Não,1.88,184
22/02,17:00,Accrington Stanley,Bolton,Resultado Final,3.35,3.65,2.02,Total de Gols Mais/Menos,+,1.80,-,1.95,Ambas equipes Marcam,Sim,1.70,Não,2.05,185
31/01,16:45,Aldershot Town,Boreham Wood,Resultado Final,3.15,3.30,2.22,Total de Gols Mais/Menos,+,2.02,-,1.75,Ambas equipes Marcam,Sim,1.78,Não,1.93,202
31/01,16:45,Solihull Moors,Notts County,Resultado Final,5.10,4.25,1.57,Total de Gols Mais/Menos,+,1.60,-,2.27,Ambas equipes Marcam,Sim,1.65,Não,2.10,207
31/01,16:45,Woking FC,Torquay United,Resultado Final,1.47,4.40,6.30,Total de Gols Mais/Menos,+,1.70,-,2.07,Ambas equipes Marcam,Sim,1.87,Não,1.85,205
31/01,16:45,Yeovil,Wealdstone FC,Resultado Final,2.35,3.30,2.95,Total de Gols Mais/Menos,+,2.20,-,1.62,Ambas equipes Marcam,Sim,1.93,Não,1.78,202
31/01,16:45,Eastleigh FC,Barnet FC,Resultado Final,2.30,3.35,2.95,Total de Gols Mais/Menos,+,1.80,-,1.93,Ambas equipes Marcam,Sim,1.65,Não,2.12,206
03/02,16:45,Scunthorpe,Barnet FC,Resultado Final,4.00,3.65,1.83,Total de Gols Mais/Menos,+,1.78,-,1.98,Ambas equipes Marcam,Sim,1.70,Não,2.05,186
04/02,12:00,Wealdstone FC,Dagenham & Redbridge,Resultado Final,2.35,3.45,2.82,Total de Gols Mais/Menos,+,1.78,-,1.98,Ambas equipes Marcam,Sim,1.62,Não,2.15,183
04/02,12:00,Oldham,Halifax Town,Resultado Final,2.50,3.10,2.90,Total de Gols Mais/Menos,+,2.05,-,1.72,Ambas equipes Marcam,Sim,1.75,Não,1.95,179
04/02,12:00,Bromley FC,Maidenhead United,Resultado Final,1.95,3.75,3.45,Total de Gols Mais/Menos,+,1.80,-,1.95,Ambas equipes Marcam,Sim,1.72,Não,2.02,183
04/02,12:00,Solihull Moors,Gateshead FC,Resultado Final,1.82,3.70,4.00,Total de Gols Mais/Menos,+,1.70,-,2.07,Ambas equipes Marcam,Sim,1.65,Não,2.12,186
04/02,12:00,Southend,York City,Resultado Final,1.57,3.90,5.60,Total de Gols Mais/Menos,+,2.02,-,1.75,Ambas equipes Marcam,Sim,2.05,Não,1.70,180
04/02,12:00,Yeovil,Maidstone United,Resultado Final,2.20,3.40,3.10,Total de Gols Mais/Menos,+,1.87,-,1.87,Ambas equipes Marcam,Sim,1.70,Não,2.02,185
04/02,12:00,Aldershot Town,Dorking Wanderers,Resultado Final,2.07,3.60,3.25,Total de Gols Mais/Menos,+,1.70,-,2.07,Ambas equipes Marcam,Sim,1.60,Não,2.20,187
04/02,12:00,Eastleigh FC,Woking FC,Resultado Final,3.20,3.30,2.20,Total de Gols Mais/Menos,+,1.78,-,1.98,Ambas equipes Marcam,Sim,1.60,Não,2.18,182
04/02,12:00,Boreham Wood,Chesterfield FC,Resultado Final,3.10,3.25,2.27,Total de Gols Mais/Menos,+,1.87,-,1.87,Ambas equipes Marcam,Sim,1.65,Não,2.10,180
04/02,12:00,Torquay United,Notts County,Resultado Final,5.80,4.60,1.47,Total de Gols Mais/Menos,+,1.50,-,2.45,Ambas equipes Marcam,Sim,1.65,Não,2.12,185
04/02,14:20,Altrincham FC,Wrexham FC,Resultado Final,3.65,4.15,1.80,Total de Gols Mais/Menos,+,1.62,-,2.20,Ambas equipes Marcam,Sim,1.62,Não,2.15,184
31/01,16:45,Chorley,AFC Telford United,Resultado Final,1.65,3.90,4.60,Total de Gols Mais/Menos,+,1.98,-,1.75,Ambas equipes Marcam,Sim,2.02,Não,1.70,140
31/01,16:45,Chester FC,Alfreton Town,Resultado Final,1.95,3.50,3.55,Total de Gols Mais/Menos,+,2.00,-,1.72,Ambas equipes Marcam,Sim,1.88,Não,1.82,142
31/01,16:45,Kidderminster Harriers,Blyth Spartans,Resultado Final,1.55,4.05,5.30,Total de Gols Mais/Menos,+,1.95,-,1.75,Ambas equipes Marcam,Sim,2.10,Não,1.65,131
31/01,16:45,Kettering Town,Boston United,Resultado Final,2.85,3.40,2.30,Total de Gols Mais/Menos,+,2.00,-,1.72,Ambas equipes Marcam,Sim,1.83,Não,1.88,140
31/01,16:45,Scarborough Athletic,Brackley Town,Resultado Final,3.45,3.65,1.93,Total de Gols Mais/Menos,+,1.98,-,1.75,Ambas equipes Marcam,Sim,1.90,Não,1.82,142
31/01,16:45,Kings Lynn Town,Bradford Park Avenue,Resultado Final,1.37,4.65,7.30,Total de Gols Mais/Menos,+,1.87,-,1.83,Ambas equipes Marcam,Sim,2.30,Não,1.55,139
31/01,16:45,Spennymoor Town,Hereford United,Resultado Final,2.18,3.50,2.95,Total de Gols Mais/Menos,+,1.93,-,1.78,Ambas equipes Marcam,Sim,1.80,Não,1.91,141
31/01,16:45,Darlington FC,Southport FC,Resultado Final,1.72,3.85,4.15,Total de Gols Mais/Menos,+,1.72,-,2.00,Ambas equipes Marcam,Sim,1.72,Não,2.00,134
04/02,12:00,Kidderminster Harriers,Scarborough Athletic,Resultado Final,1.80,3.60,4.00,Total de Gols Mais/Menos,+,1.75,-,1.95,Ambas equipes Marcam,Sim,1.70,Não,2.02,137
04/02,12:00,Darlington FC,AFC Telford United,Resultado Final,1.60,3.95,4.90,Total de Gols Mais/Menos,+,1.62,-,2.15,Ambas equipes Marcam,Sim,1.65,Não,2.10,137
04/02,12:00,Buxton FC,Kings Lynn Town,Resultado Final,6.40,4.10,1.47,Total de Gols Mais/Menos,+,1.75,-,1.95,Ambas equipes Marcam,Sim,1.91,Não,1.80,132
04/02,12:00,AFC Fylde,Curzon Ashton FC,Resultado Final,1.53,3.90,5.90,Total de Gols Mais/Menos,+,1.85,-,1.85,Ambas equipes Marcam,Sim,1.93,Não,1.78,135
04/02,12:00,Chester FC,Spennymoor Town,Resultado Final,1.78,3.65,4.05,Total de Gols Mais/Menos,+,1.72,-,2.02,Ambas equipes Marcam,Sim,1.65,Não,2.10,137
04/02,12:00,Farsley Celtic,Hereford United,Resultado Final,2.95,3.30,2.30,Total de Gols Mais/Menos,+,1.95,-,1.75,Ambas equipes Marcam,Sim,1.75,Não,1.95,134
04/02,12:00,Leamington,Blyth Spartans,Resultado Final,2.00,3.50,3.40,Total de Gols Mais/Menos,+,1.75,-,1.95,Ambas equipes Marcam,Sim,1.65,Não,2.10,137
04/02,12:00,Gloucester City,Bradford Park Avenue,Resultado Final,1.80,3.70,3.90,Total de Gols Mais/Menos,+,1.62,-,2.15,Ambas equipes Marcam,Sim,1.57,Não,2.25,134
04/02,12:00,Alfreton Town,Boston United,Resultado Final,2.07,3.40,3.30,Total de Gols Mais/Menos,+,1.85,-,1.85,Ambas equipes Marcam,Sim,1.72,Não,2.02,137
04/02,12:00,Banbury United,Kettering Town,Resultado Final,1.45,4.10,6.80,Total de Gols Mais/Menos,+,1.85,-,1.85,Ambas equipes Marcam,Sim,2.05,Não,1.70,131
04/02,12:00,Chorley,Southport FC,Resultado Final,1.80,3.55,4.10,Total de Gols Mais/Menos,+,1.72,-,2.00,Ambas equipes Marcam,Sim,1.65,Não,2.12,134
04/02,12:00,Peterborough Sports,Brackley Town,Resultado Final,3.80,3.45,1.90,Total de Gols Mais/Menos,+,1.75,-,1.95,Ambas equipes Marcam,Sim,1.65,Não,2.10,134
,,,,,,,,,,,,,,,,,,
31/01,16:45,Braintree Town,Cheshunt FC,Resultado Final,1.65,3.85,4.60,Total de Gols Mais/Menos,+,1.85,-,1.85,Ambas equipes Marcam,Sim,1.87,Não,1.83,133
31/01,16:45,Hungerford Town FC,Chelmsford City,Resultado Final,3.75,3.60,1.87,Total de Gols Mais/Menos,+,1.91,-,1.80,Ambas equipes Marcam,Sim,1.83,Não,1.87,134
31/01,16:45,Taunton Town,Havant & Waterlooville,Resultado Final,3.95,3.75,1.78,Total de Gols Mais/Menos,+,1.75,-,1.98,Ambas equipes Marcam,Sim,1.72,Não,2.00,134
31/01,16:45,Farnborough,Hemel Hempstead Town,Resultado Final,1.75,3.85,3.95,Total de Gols Mais/Menos,+,1.88,-,1.82,Ambas equipes Marcam,Sim,1.87,Não,1.85,142
31/01,16:45,Weymouth,Hampton & Richmond Borough FC,Resultado Final,1.93,3.75,3.40,Total de Gols Mais/Menos,+,1.70,-,2.02,Ambas equipes Marcam,Sim,1.65,Não,2.10,135
04/02,12:00,Chippenham Town,Braintree Town,Resultado Final,2.60,3.35,2.55,Total de Gols Mais/Menos,+,1.85,-,1.85,Ambas equipes Marcam,Sim,1.70,Não,2.05,136
04/02,12:00,Eastbourne Borough,Taunton Town,Resultado Final,1.80,3.45,4.20,Total de Gols Mais/Menos,+,1.95,-,1.75,Ambas equipes Marcam,Sim,1.85,Não,1.85,135
04/02,12:00,Welling United FC,Dartford FC,Resultado Final,3.75,3.85,1.80,Total de Gols Mais/Menos,+,1.50,-,2.42,Ambas equipes Marcam,Sim,1.50,Não,2.42,138
04/02,12:00,Hungerford Town FC,Oxford City,Resultado Final,3.25,3.50,2.05,Total de Gols Mais/Menos,+,1.75,-,1.95,Ambas equipes Marcam,Sim,1.65,Não,2.12,137
04/02,12:00,Chelmsford City,Bath City,Resultado Final,1.80,3.45,4.20,Total de Gols Mais/Menos,+,1.95,-,1.75,Ambas equipes Marcam,Sim,1.85,Não,1.85,135
04/02,12:00,Cheshunt FC,Hemel Hempstead Town,Resultado Final,2.70,3.40,2.42,Total de Gols Mais/Menos,+,1.75,-,1.95,Ambas equipes Marcam,Sim,1.62,Não,2.15,136
04/02,12:00,Concord Rangers,Farnborough,Resultado Final,3.25,3.45,2.07,Total de Gols Mais/Menos,+,1.80,-,1.91,Ambas equipes Marcam,Sim,1.70,Não,2.05,135
04/02,12:00,Slough Town,Dover Athletic,Resultado Final,2.02,3.65,3.20,Total de Gols Mais/Menos,+,1.62,-,2.15,Ambas equipes Marcam,Sim,1.55,Não,2.30,135
04/02,12:00,Tonbridge Angels,Worthing FC,Resultado Final,2.55,3.55,2.47,Total de Gols Mais/Menos,+,1.60,-,2.22,Ambas equipes Marcam,Sim,1.50,Não,2.42,136
04/02,12:00,St Albans City,Hampton & Richmond Borough FC,Resultado Final,1.55,4.15,5.10,Total de Gols Mais/Menos,+,1.60,-,2.18,Ambas equipes Marcam,Sim,1.70,Não,2.02,134
04/02,12:00,Ebbsfleet United,Havant & Waterlooville,Resultado Final,1.75,3.70,4.25,Total de Gols Mais/Menos,+,1.70,-,2.02,Ambas equipes Marcam,Sim,1.65,Não,2.10,134
04/02,12:00,Weymouth,Dulwich Hamlet,Resultado Final,2.72,3.40,2.40,Total de Gols Mais/Menos,+,1.80,-,1.91,Ambas equipes Marcam,Sim,1.65,Não,2.12,134
31/01,16:45,Belper Town,Hyde United FC,Resultado Final,5.40,4.20,1.50,Total de Gols Mais/Menos,+,1.60,-,2.05,Ambas equipes Marcam,Sim,1.72,Não,1.88,31
31/01,16:45,Stalybridge Celtic,Radcliffe FC,Resultado Final,2.00,3.70,3.15,Total de Gols Mais/Menos,+,1.72,-,1.88,Ambas equipes Marcam,Sim,1.65,Não,1.98,35
31/01,16:45,Liversedge,Gainsborough Trinity,Resultado Final,5.60,4.05,1.50,Total de Gols Mais/Menos,+,1.65,-,1.98,Ambas equipes Marcam,Sim,1.75,Não,1.87,31
31/01,16:45,South Shields,Marske United FC,Resultado Final,1.26,5.60,8.75,Total de Gols Mais/Menos,+,1.65,-,2.00,Ambas equipes Marcam,Sim,2.32,Não,1.47,31
04/02,12:00,Ashton Utd,Morpeth Town,Resultado Final,2.07,3.30,3.30,Total de Gols Mais/Menos,+,1.70,-,1.93,Ambas equipes Marcam,Sim,1.57,Não,2.12,31
31/01,16:45,Herne Bay,Potters Bar Town FC,Resultado Final,2.67,3.75,2.25,Total de Gols Mais/Menos,+,1.47,-,2.32,Ambas equipes Marcam,Sim,1.44,Não,2.42,31
31/01,16:45,Haringey Borough,Bishop's Stortford,Resultado Final,3.90,3.85,1.75,Total de Gols Mais/Menos,+,1.62,-,2.02,Ambas equipes Marcam,Sim,1.62,Não,2.02,31
31/01,16:45,Brightlingsea Regent,Carshalton Athletic,Resultado Final,4.70,4.45,1.53,Total de Gols Mais/Menos,+,1.57,-,2.12,Ambas equipes Marcam,Sim,1.70,Não,1.91,31
31/01,16:45,Lewes FC,Wingate & Finchley,Resultado Final,1.60,3.95,4.80,Total de Gols Mais/Menos,+,1.57,-,2.10,Ambas equipes Marcam,Sim,1.62,Não,2.02,31
31/01,16:45,Bowers Pitsea,Corinthian Casuals,Resultado Final,2.18,3.40,3.00,Total de Gols Mais/Menos,+,1.75,-,1.85,Ambas equipes Marcam,Sim,1.62,Não,2.02,35
01/02,16:45,Kingstonian,Margate FC,Resultado Final,2.35,3.55,2.60,Total de Gols Mais/Menos,+,1.72,-,1.88,Ambas equipes Marcam,Sim,1.62,Não,2.02,31
31/01,16:30,Hartley Wintney,Chesham Utd,Resultado Final,3.65,4.05,1.75,Total de Gols Mais/Menos,+,1.45,-,2.37,Ambas equipes Marcam,Sim,1.47,Não,2.32,31
31/01,16:45,Plymouth Parkway,Beaconsfield Town FC,Resultado Final,1.83,4.05,3.35,Total de Gols Mais/Menos,+,1.47,-,2.35,Ambas equipes Marcam,Sim,1.47,Não,2.32,31
31/01,16:45,Salisbury FC,Gosport Borough,Resultado Final,2.05,3.75,2.95,Total de Gols Mais/Menos,+,1.53,-,2.18,Ambas equipes Marcam,Sim,1.50,Não,2.27,31
01/02,16:45,Yate Town,Hendon FC,Resultado Final,2.47,3.65,2.45,Total de Gols Mais/Menos,+,1.57,-,2.10,Ambas equipes Marcam,Sim,1.52,Não,2.22,31
31/01,16:45,Tamworth FC,St Ives Town,Resultado Final,1.50,4.50,4.90,Total de Gols Mais/Menos,+,1.45,-,2.37,Ambas equipes Marcam,Sim,1.60,Não,2.07,35
31/01,16:45,Royston Town,Nuneaton Borough FC,Resultado Final,3.00,3.65,2.07,Total de Gols Mais/Menos,+,1.57,-,2.10,Ambas equipes Marcam,Sim,1.52,Não,2.22,31
31/01,16:45,Coalville Town,Rushall Olympic,Resultado Final,1.82,3.65,3.75,Total de Gols Mais/Menos,+,1.70,-,1.93,Ambas equipes Marcam,Sim,1.65,Não,1.98,31
31/01,16:45,Bedford Town,Stratford Town FC,Resultado Final,2.00,3.80,3.05,Total de Gols Mais/Menos,+,1.33,-,2.77,Ambas equipes Marcam,Sim,1.32,Não,2.85,31
31/01,16:45,Needham Market FC,Alvechurch,Resultado Final,1.98,3.65,3.25,Total de Gols Mais/Menos,+,1.65,-,1.98,Ambas equipes Marcam,Sim,1.60,Não,2.07,31
31/01,16:45,Leiston FC,Ilkeston Town,Resultado Final,1.57,4.00,5.00,Total de Gols Mais/Menos,+,1.50,-,2.25,Ambas equipes Marcam,Sim,1.57,Não,2.12,31
31/01,16:45,Harrow Borough FC,Halifax Town,Resultado Final,4.35,4.05,1.62,Total de Gols Mais/Menos,+,1.53,-,2.20,Ambas equipes Marcam,Sim,1.57,Não,2.10,33
31/01,16:45,Banbury United,Coalville Town,Resultado Final,2.12,3.50,3.00,Total de Gols Mais/Menos,+,1.53,-,2.18,Ambas equipes Marcam,Sim,1.47,Não,2.35,33
31/01,16:45,Kidsgrove Athletic FC,Colne FC,Resultado Final,1.98,3.30,3.40,Total de Gols Mais/Menos,+,1.65,-,1.98,16
31/01,16:45,Trafford FC,Skelmersdale United,Resultado Final,1.98,3.60,3.15,Total de Gols Mais/Menos,+,1.53,-,2.18,16
31/01,16:45,Hebburn Town,Brighouse Town,Resultado Final,2.07,3.50,3.00,Total de Gols Mais/Menos,+,1.62,-,2.02,16
31/01,16:45,Tadcaster Albion,Sheffield FC,Resultado Final,4.60,3.90,1.60,Total de Gols Mais/Menos,+,1.53,-,2.18,16
31/01,16:45,Cirencester Town,Barton Rovers,Resultado Final,1.26,5.40,8.25,16
31/01,16:45,Maldon & Tiptree FC,Wroxham,Resultado Final,2.12,3.45,2.92,Total de Gols Mais/Menos,+,1.62,-,2.02,16
31/01,16:45,Chichester City Utd,Lancing FC,Resultado Final,2.20,3.20,3.00,Total de Gols Mais/Menos,+,1.65,-,2.00,16
31/01,16:00,Arsenal Sub-21,Burnley Sub-21,Resultado Final,2.02,3.90,2.95,Total de Gols Mais/Menos,+,1.32,-,2.85,Ambas equipes Marcam,Sim,1.31,Não,2.87,35
