,data,hora,time_casa,time_visitante,casa_ganha,empate,visitante_ganha,maisq,menosq,simodd,nãoodd
0,1900-01-30,22:00,Club Atletico Tucuman II,Boca Juniors II,3.9,3.5,1.82,1.98,1.65,1.88,1.72
1,1900-01-30,22:00,CF Tigres UANL (F),Deportivo Toluca FC (F),1.07,10.0,14.5,,,,
2,1900-01-30,22:10,Once Caldas,Deportes Tolima,2.32,2.92,3.6,2.7,1.47,2.15,1.65
3,1900-01-31,00:00,Mazatlán FC (F),Cruz Azul (F),6.5,4.75,1.36,1.52,2.2,,
4,1900-01-31,00:05,Guadalajara Chivas (F),Juarez (F),1.42,4.7,5.5,1.6,2.05,,
5,1900-01-31,05:30,Manipur,Punjab FC,1.47,4.05,5.7,,,,
6,1900-01-31,06:00,Mohammedan SC Dhaka,Sheikh Jamal Dhanmondi Club,2.3,3.4,2.67,1.8,1.8,,
7,1900-01-31,06:00,Azampur FC Uttara,Rahmatgonj MFS,5.9,4.7,1.39,1.62,2.02,,
8,1900-01-31,06:00,PS Barito Putera,PSS Sleman,2.07,3.2,3.4,2.0,1.65,1.8,1.8
9,1900-01-31,06:30,PSIS Semarang,Persib Bandung,3.35,3.15,2.1,2.07,1.6,1.85,1.75
10,1900-01-31,07:30,Pars Jonoubi Jam,Shams Azar,2.52,2.57,3.25,2.72,1.35,2.15,1.55
11,1900-01-31,07:30,Fajr Sepasi FC,Esteghlal Khuzestan,2.82,2.32,3.25,3.05,1.28,2.25,1.5
12,1900-01-31,07:30,Esteghlal Mollasani,Chooka Talesh,1.65,3.1,6.1,2.67,1.36,2.5,1.4
13,1900-01-31,07:30,Khosheh Talaei,Khalij Fars Mahshahr,2.72,2.4,3.25,3.0,1.29,2.22,1.52
14,1900-01-31,07:30,Shahrdari Hamedan,Mes Shahr-e Babak,3.4,2.3,2.8,3.55,1.21,2.57,1.39
15,1900-01-31,07:30,Caspian Babol,Van Pars Naghsh Jahan,2.6,2.57,3.2,2.7,1.36,2.1,1.57
16,1900-01-31,07:30,Kheybar Khorramabad,SaiPa Karaj FC,2.47,2.37,3.8,3.1,1.27,2.32,1.47
17,1900-01-31,07:30,Shahrdari Astara,Chadormalu,2.82,2.37,3.15,3.1,1.27,2.32,1.47
18,1900-01-31,08:00,Al Kahrabaa,Naft Maysan,2.15,2.72,3.75,,,,
19,1900-01-31,08:00,Portimonense Sub-23,Sporting CP Sub-23,2.02,3.7,3.1,1.44,2.42,1.4,2.52
20,1900-01-31,08:30,Al Sinaah,Naft Al-Wasat,3.25,2.7,2.37,,,,
21,1900-01-31,09:00,Qarabağ FK,Shamakhi,1.15,6.9,13.5,1.35,2.72,2.02,1.62
22,1900-01-31,09:40,Al Riyadh SC,Al Kholood,1.98,3.05,3.85,2.42,1.44,2.12,1.57
23,1900-01-31,10:00,Bristol City Sub-21,Reading Sub-21,1.6,4.35,4.2,1.28,3.05,1.33,2.8
25,1900-02-01,15:30,Audax Rio RJ,Bangu,2.72,2.8,2.82,2.55,1.45,2.05,1.7
26,1900-02-01,19:00,Botafogo-RJ,Nova Iguaçu,1.35,4.35,9.25,1.93,1.78,2.32,1.53
27,1900-02-01,21:10,Flamengo,Boavista-RJ,1.22,5.3,13.5,1.62,2.15,2.27,1.57
28,1900-02-02,15:30,Madureira,Portuguesa-RJ,2.65,2.87,2.82,2.5,1.47,2.05,1.7
29,1900-02-02,19:00,Vasco da Gama,Resende,1.31,4.5,10.5,2.0,1.72,2.57,1.45
31,1900-02-01,15:00,Angers,AC Ajaccio,2.27,3.15,3.4,2.3,1.62,1.93,1.82
32,1900-02-01,15:00,Lille,Clermont,1.5,4.25,6.8,1.8,2.02,1.93,1.82
33,1900-02-01,15:00,Stade de Reims,FC Lorient,1.85,3.6,4.3,1.95,1.87,1.82,1.93
34,1900-02-01,15:00,Toulouse FC,Troyes,1.75,4.0,4.35,1.65,2.25,1.65,2.15
35,1900-02-01,17:00,Montpellier,Paris Saint Germain,8.25,5.8,1.32,1.45,2.75,1.78,1.98
36,1900-02-01,17:00,Lens,Nice,1.75,3.5,5.3,2.12,1.72,1.95,1.78
37,1900-02-01,17:00,Lyon,Brestois,1.53,4.35,5.9,1.7,2.18,1.75,2.0
38,1900-02-01,17:00,Rennes,Estrasburgo,1.55,4.15,6.1,1.91,1.9,1.98,1.78
39,1900-02-01,17:00,Monaco,AJ Auxerre,1.34,5.4,8.5,1.55,2.45,1.88,1.85
40,1900-02-04,13:00,Paris Saint Germain,Toulouse FC,1.24,6.8,10.75,1.38,3.05,1.82,1.91
41,1900-02-04,15:00,Troyes,Lyon,4.3,3.95,1.78,1.7,2.18,1.65,2.15
42,1900-02-04,17:00,Rennes,Lille,2.3,3.5,3.05,1.93,1.88,1.72,2.05
43,1900-02-05,09:00,Clermont,Monaco,4.0,3.85,1.85,1.75,2.1,1.7,2.12
44,1900-02-05,11:00,AJ Auxerre,Stade de Reims,3.35,3.35,2.2,2.1,1.75,1.83,1.91
45,1900-02-05,11:00,FC Lorient,Angers,2.05,3.5,3.6,1.98,1.83,1.8,1.95
46,1900-02-05,11:00,AC Ajaccio,Nantes,2.75,3.1,2.75,2.47,1.55,2.02,1.75
47,1900-02-05,11:00,Estrasburgo,Montpellier,2.0,3.2,4.25,1.98,1.83,1.75,2.02
48,1900-02-05,13:05,Brestois,Lens,4.5,3.65,1.8,1.95,1.87,1.83,1.91
49,1900-02-05,16:45,Olympique de Marseille,Nice,1.7,3.85,5.0,1.88,1.93,1.83,1.91
51,1900-02-01,14:00,Fiorentina,Torino,2.05,3.35,3.8,2.18,1.7,1.91,1.83
52,1900-02-01,17:00,Roma,US Cremonese,1.42,4.65,7.4,1.82,2.0,2.05,1.72
53,1900-02-02,17:00,Juventus FC,Lázio,2.15,3.35,3.55,2.1,1.75,1.85,1.9
54,1900-02-01,17:00,Bétis,Barcelona,5.0,3.85,1.7,1.83,1.98,1.8,1.95
55,1900-02-02,17:00,Real Madrid,Valencia,1.45,4.8,6.6,1.62,2.3,1.8,1.93
56,1900-02-03,17:00,Athletic Bilbao,Cádiz CF,1.45,4.3,7.6,2.02,1.8,2.25,1.6
57,1900-02-04,10:00,Espanyol,Osasuna,2.45,3.05,3.2,2.55,1.52,2.07,1.7
58,1900-02-04,12:15,Elche,Villarreal CF,4.75,3.85,1.72,1.9,1.91,1.83,1.91
59,1900-02-04,14:30,Atlético de Madrid,Getafe CF,1.45,4.0,9.0,2.47,1.55,2.75,1.42
60,1900-02-04,17:00,Bétis,Celta de Vigo,2.22,3.2,3.45,2.37,1.6,2.0,1.75
61,1900-02-05,10:00,Mallorca,Real Madrid,5.2,3.6,1.72,2.15,1.72,2.0,1.75
62,1900-02-05,12:15,Girona FC,Valencia,2.22,3.25,3.4,2.0,1.82,1.75,2.0
63,1900-02-05,14:30,Real Sociedad,Real Valladolid,1.44,4.4,8.0,1.95,1.85,2.15,1.65
64,1900-02-05,17:00,Barcelona,Sevilha FC,1.34,5.2,8.75,1.6,2.35,1.93,1.8
65,1900-02-06,17:00,Rayo Vallecano,UD Almería,1.75,3.65,4.8,2.0,1.82,1.9,1.83
66,1900-02-10,17:00,Cádiz CF,Girona FC,2.77,3.2,2.65,2.15,1.7,1.83,1.91
67,1900-02-11,12:15,UD Almería,Bétis,2.9,3.3,2.5,2.07,1.75,1.8,1.95
68,1900-02-11,14:30,Sevilha FC,Mallorca,1.83,3.35,4.85,2.55,1.52,2.27,1.6
69,1900-02-11,17:00,Valencia,Athletic Bilbao,2.77,3.25,2.62,2.12,1.72,1.82,1.93
70,1900-02-12,10:00,Getafe CF,Rayo Vallecano,2.92,2.85,2.82,2.87,1.42,2.22,1.62
71,1900-02-12,12:15,Celta de Vigo,Atlético de Madrid,3.65,3.1,2.2,2.55,1.52,2.07,1.7
72,1900-02-12,14:30,Real Valladolid,Osasuna,2.62,3.2,2.82,2.25,1.65,1.88,1.85
73,1900-02-12,17:00,Villarreal CF,Barcelona,3.65,3.8,1.95,1.75,2.1,1.65,2.15
74,1900-02-13,17:00,Espanyol,Real Sociedad,3.3,3.2,2.3,2.42,1.57,2.05,1.72
75,1900-02-15,17:00,Real Madrid,Elche,1.15,7.8,19.5,1.4,3.0,2.15,1.65
77,1900-02-01,15:30,Audax Rio RJ,Bangu,2.72,2.8,2.82,2.55,1.45,2.05,1.7
78,1900-02-01,19:00,Botafogo-RJ,Nova Iguaçu,1.35,4.35,9.25,1.93,1.78,2.32,1.53
79,1900-02-01,21:10,Flamengo,Boavista-RJ,1.22,5.3,13.5,1.62,2.15,2.27,1.57
80,1900-02-02,15:30,Madureira,Portuguesa-RJ,2.65,2.87,2.82,2.5,1.47,2.05,1.7
81,1900-02-02,19:00,Vasco da Gama,Resende,1.31,4.5,10.25,2.0,1.72,2.57,1.45
83,1900-02-01,19:00,Aimoré,São José-RS,2.77,2.92,2.65,2.75,1.4,2.27,1.57
84,1900-02-01,20:00,CE Bento Goncalves RS,Grêmio,8.75,5.0,1.31,1.98,1.75,2.72,1.4
85,1900-02-01,21:30,Brasil de Pelotas,Caxias,2.67,2.9,2.77,2.75,1.4,2.25,1.57
86,1900-02-02,16:30,Internacional,Ypiranga-RS,1.36,4.45,8.25,2.0,1.72,2.5,1.47
88,1900-01-31,20:00,Ferroviário,Ceará,6.1,3.6,1.55,1.83,1.78,1.87,1.75
90,1900-01-31,19:00,Rio Branco-ES,Estrela do Norte ES,2.82,2.95,2.45,2.07,1.6,,
91,1900-02-21,21:30,Independiente del Valle,Flamengo,3.15,3.5,2.25,2.0,1.82,1.78,1.98
93,1900-02-08,21:00,CA Nacional Potosi,El Nacional,1.83,3.75,3.75,1.7,2.05,1.65,2.12
94,1900-02-09,21:00,CA Boston River,Zamora FC,1.88,2.87,5.0,2.12,1.65,1.85,1.87
95,1900-02-21,21:00,Curico Unido,Cerro Porteno,2.6,3.1,2.7,2.3,1.55,1.98,1.75
96,1900-02-22,21:30,Carabobo FC,Atlético-MG,5.6,3.65,1.6,1.98,1.75,2.0,1.72
97,1900-02-23,19:00,Magallanes,Always Ready,1.87,3.35,4.1,1.75,1.98,1.65,2.12
98,1900-02-23,21:00,Deportivo Maldonado,Fortaleza,3.2,3.2,2.2,2.2,1.6,1.93,1.78
99,1900-02-23,21:00,Universidad Catolica Quito,Millonarios FC,2.1,3.2,3.55,2.15,1.65,1.9,1.82
100,1900-02-07,21:00,Sport Huancayo,Nacional Asuncion,1.85,3.4,4.1,1.93,1.78,1.8,1.91
101,1900-02-08,21:00,CA Nacional Potosi,El Nacional,1.83,3.75,3.75,1.7,2.05,1.65,2.12
102,1900-02-09,21:00,CA Boston River,Zamora FC,1.88,2.87,5.0,2.12,1.65,1.85,1.87
103,1900-02-21,21:00,Curico Unido,Cerro Porteno,2.6,3.1,2.7,2.3,1.55,1.98,1.75
104,1900-02-22,21:30,Carabobo FC,Atlético-MG,5.6,3.65,1.6,1.98,1.75,2.0,1.72
105,1900-02-23,19:00,Magallanes,Always Ready,1.87,3.35,4.1,1.75,1.98,1.65,2.12
106,1900-02-23,21:00,Deportivo Maldonado,Fortaleza,3.2,3.2,2.2,2.2,1.6,1.93,1.78
107,1900-02-23,21:00,Universidad Catolica Quito,Millonarios FC,2.1,3.2,3.55,2.15,1.65,1.9,1.82
108,1900-02-14,17:00,AC Milan,Tottenham,2.22,3.45,3.2,1.85,1.95,1.65,2.15
109,1900-02-14,17:00,Paris Saint Germain,Bayern Munique,2.27,3.7,2.92,1.47,2.7,1.4,2.82
110,1900-02-15,17:00,Club Brugge KV,SL Benfica,3.5,3.6,2.05,1.72,2.15,1.6,2.25
111,1900-02-15,17:00,Borussia Dortmund,Chelsea,2.52,3.5,2.72,1.78,2.05,1.62,2.22
112,1900-02-21,17:00,Liverpool,Real Madrid,2.1,3.6,3.35,1.62,2.3,1.52,2.45
113,1900-02-21,17:00,Eintracht Frankfurt,Napoli,2.77,3.55,2.47,1.7,2.18,1.53,2.4
114,1900-02-22,17:00,RB Leipzig,Manchester City,4.1,3.95,1.82,1.62,2.3,1.57,2.3
115,1900-02-22,17:00,Inter de Milão,FC Porto,1.85,3.7,4.2,1.88,1.93,1.78,1.98
116,1900-02-14,17:00,AC Milan,Tottenham,2.22,3.45,3.2,1.85,1.95,1.65,2.15
117,1900-02-14,17:00,Paris Saint Germain,Bayern Munique,2.27,3.7,2.92,1.47,2.7,1.4,2.82
118,1900-02-15,17:00,Club Brugge KV,SL Benfica,3.5,3.6,2.05,1.72,2.15,1.6,2.25
119,1900-02-15,17:00,Borussia Dortmund,Chelsea,2.52,3.5,2.72,1.78,2.05,1.62,2.22
120,1900-02-21,17:00,Liverpool,Real Madrid,2.1,3.6,3.35,1.62,2.3,1.52,2.45
121,1900-02-21,17:00,Eintracht Frankfurt,Napoli,2.77,3.55,2.47,1.7,2.18,1.53,2.4
122,1900-02-22,17:00,RB Leipzig,Manchester City,4.1,3.95,1.82,1.62,2.3,1.57,2.3
123,1900-02-22,17:00,Inter de Milão,FC Porto,1.85,3.7,4.2,1.88,1.93,1.78,1.98
125,1900-02-16,14:45,FC Shakhtar Donetsk,Rennes,3.1,3.45,2.3,1.93,1.87,1.72,2.05
126,1900-02-16,14:45,AFC Ajax,1. FC Union Berlin,1.75,3.7,4.85,1.87,1.95,1.78,1.98
127,1900-02-16,14:45,Salzburg,Roma,2.72,3.4,2.57,1.9,1.91,1.7,2.07
128,1900-02-16,17:00,Juventus FC,Nantes,1.39,4.8,8.25,1.88,1.93,2.22,1.62
129,1900-02-16,17:00,Sporting CP,FC Midtjylland,1.39,4.9,7.8,1.62,2.32,1.85,1.88
130,1900-02-16,17:00,Bayer Leverkusen,Monaco,1.8,3.85,4.25,1.72,2.12,1.65,2.15
131,1900-02-16,17:00,Sevilha FC,PSV Eindhoven,2.32,3.55,2.95,1.83,1.98,1.65,2.15
132,1900-02-16,14:45,Barcelona,Manchester United,1.78,4.15,4.1,1.55,2.5,1.55,2.35
133,1900-02-16,14:45,FC Shakhtar Donetsk,Rennes,3.1,3.45,2.3,1.93,1.87,1.72,2.05
134,1900-02-16,14:45,AFC Ajax,1. FC Union Berlin,1.75,3.7,4.85,1.87,1.95,1.78,1.98
135,1900-02-16,14:45,Salzburg,Roma,2.72,3.4,2.57,1.9,1.91,1.7,2.07
136,1900-02-16,17:00,Juventus FC,Nantes,1.39,4.8,8.25,1.88,1.93,2.22,1.62
137,1900-02-16,17:00,Sporting CP,FC Midtjylland,1.39,4.9,7.8,1.62,2.32,1.85,1.88
138,1900-02-16,17:00,Bayer Leverkusen,Monaco,1.8,3.85,4.25,1.72,2.12,1.65,2.15
139,1900-02-16,17:00,Sevilha FC,PSV Eindhoven,2.32,3.55,2.95,1.83,1.98,1.65,2.15
141,1900-02-16,14:45,Trabzonspor,Basel,1.95,3.65,3.8,1.8,2.02,1.7,2.07
142,1900-02-16,14:45,FK Bodo/Glimt,Lech Poznan,1.62,4.3,5.0,1.6,2.35,1.65,2.15
143,1900-02-16,14:45,SC Braga,Fiorentina,2.52,3.45,2.75,1.78,2.05,1.6,2.25
144,1900-02-16,17:00,Lázio,Cluj,1.42,4.75,7.6,1.8,2.02,2.05,1.72
145,1900-02-16,17:00,AEK Larnaca,SC Dnipro-1,2.32,3.3,3.15,1.98,1.85,1.72,2.05
146,1900-02-16,17:00,FC Sheriff Tiraspol,FK Partizan Belgrade,2.57,3.25,2.85,2.05,1.78,1.75,2.0
147,1900-02-16,17:00,Ludogorets,RSC Anderlecht,2.27,3.4,3.15,1.95,1.85,1.75,2.02
149,1900-02-16,14:45,Trabzonspor,Basel,1.95,3.65,3.8,1.8,2.02,1.7,2.07
150,1900-02-16,14:45,FK Bodo/Glimt,Lech Poznan,1.62,4.3,5.0,1.6,2.35,1.65,2.15
151,1900-02-16,14:45,SC Braga,Fiorentina,2.52,3.45,2.75,1.78,2.05,1.6,2.25
152,1900-02-16,17:00,Lázio,Cluj,1.42,4.75,7.6,1.8,2.02,2.05,1.72
153,1900-02-16,17:00,AEK Larnaca,SC Dnipro-1,2.32,3.3,3.15,1.98,1.85,1.72,2.05
154,1900-02-16,17:00,FC Sheriff Tiraspol,FK Partizan Belgrade,2.57,3.25,2.85,2.05,1.78,1.75,2.0
155,1900-02-16,17:00,Ludogorets,RSC Anderlecht,2.27,3.4,3.15,1.95,1.85,1.75,2.02
156,1900-02-03,17:00,Chelsea,Fulham FC,1.57,4.1,5.8,1.91,1.9,1.95,1.8
157,1900-02-04,09:30,Everton,Arsenal,8.25,4.6,1.4,1.82,2.0,2.07,1.7
158,1900-02-04,12:00,Aston Villa,Leicester,2.02,3.5,3.7,1.91,1.9,1.72,2.05
159,1900-02-04,12:00,Brentford,Southampton,1.91,3.6,4.05,1.95,1.87,1.78,1.95
160,1900-02-04,12:00,Wolverhampton,Liverpool,4.05,3.8,1.85,1.78,2.05,1.7,2.07
161,1900-02-04,12:00,Brighton & Hove Albion,AFC Bournemouth,1.36,5.0,9.0,1.7,2.18,2.02,1.75
162,1900-02-04,12:00,Manchester United,Crystal Palace,1.4,4.65,8.5,1.82,2.0,2.07,1.7
163,1900-02-04,14:30,Newcastle United,West Ham United,1.6,3.8,6.3,2.02,1.8,2.02,1.75
164,1900-02-05,11:00,Nottingham Forest,Leeds United,2.62,3.4,2.67,1.91,1.9,1.7,2.07
165,1900-02-05,13:30,Tottenham,Manchester City,4.4,4.1,1.72,1.6,2.35,1.6,2.25
166,1900-02-08,17:00,Manchester United,Leeds United,1.45,4.85,6.5,1.6,2.35,1.8,1.95
167,1900-02-11,09:30,West Ham United,Chelsea,3.4,3.4,2.18,2.07,1.75,1.83,1.91
168,1900-02-11,12:00,Crystal Palace,Brighton & Hove Albion,3.5,3.4,2.12,2.1,1.75,1.87,1.87
169,1900-02-11,12:00,Arsenal,Brentford,1.39,4.9,7.8,1.7,2.18,1.93,1.82
170,1900-02-11,12:00,Fulham FC,Nottingham Forest,1.98,3.65,3.7,1.95,1.87,1.78,1.95
171,1900-02-11,12:00,Leicester,Tottenham,3.4,3.65,2.07,1.8,2.02,1.65,2.15
172,1900-02-11,12:00,Southampton,Wolverhampton,2.5,3.35,2.85,2.3,1.62,1.95,1.78
173,1900-02-11,14:30,AFC Bournemouth,Newcastle United,7.0,4.2,1.5,1.95,1.87,2.07,1.7
174,1900-02-12,11:00,Leeds United,Manchester United,4.1,4.0,1.8,1.7,2.18,1.65,2.15
175,1900-02-12,13:30,Manchester City,Aston Villa,1.25,6.1,12.0,1.5,2.6,1.98,1.78
176,1900-02-13,17:00,Liverpool,Everton,1.39,4.8,8.0,1.83,1.98,2.15,1.65
177,1900-02-15,16:30,Arsenal,Manchester City,3.55,3.7,2.0,1.72,2.12,1.62,2.2
178,1900-01-31,16:45,Luton Town,Cardiff City,1.93,3.4,4.2,2.27,1.65,2.02,1.75
179,1900-02-03,17:00,West Bromwich Albion,Coventry City,1.82,3.65,4.4,1.93,1.88,1.8,1.95
180,1900-02-04,09:30,Norwich City,Burnley,2.57,3.35,2.77,1.98,1.83,1.75,2.02
181,1900-02-04,09:30,Rotherham,Sheffield United,4.55,3.9,1.75,2.02,1.8,1.98,1.78
182,1900-02-04,12:00,Huddersfield Town,Queens Park Rangers,3.05,3.25,2.42,2.25,1.65,1.91,1.83
183,1900-02-04,12:00,Hull City,Cardiff City,2.22,3.3,3.35,2.25,1.65,1.93,1.8
184,1900-02-04,12:00,Luton Town,Stoke City,2.22,3.3,3.35,2.18,1.7,1.9,1.83
185,1900-02-04,12:00,Middlesbrough,Blackpool FC,1.6,4.1,5.6,1.83,1.98,1.87,1.87
186,1900-02-04,12:00,Millwall FC,Sunderland,2.22,3.35,3.3,2.18,1.7,1.9,1.83
187,1900-02-04,12:00,Preston,Bristol City,2.32,3.3,3.15,2.18,1.7,1.88,1.87
188,1900-02-04,12:00,Reading,Watford,2.8,3.25,2.6,2.18,1.7,1.87,1.87
189,1900-02-04,12:00,Swansea City,Birmingham,1.9,3.75,3.9,2.05,1.78,1.93,1.82
190,1900-02-06,17:00,Blackburn Rovers,Wigan,1.95,3.5,3.95,2.05,1.78,1.87,1.88
191,1900-02-21,16:45,Rotherham,Sunderland,2.87,3.4,2.45,2.0,1.82,1.75,2.0
192,1900-02-01,16:45,Oxford Utd,Barnsley FC,2.55,3.35,2.62,1.93,1.82,1.72,2.0
193,1900-02-04,12:00,Sheffield Wednesday,Plymouth Argyle,1.72,3.7,4.55,2.0,1.75,1.93,1.78
194,1900-02-04,12:00,Derby County,Morecambe FC,1.32,4.75,10.0,1.65,2.15,2.02,1.7
195,1900-02-04,12:00,Bolton,Cheltenham,1.5,4.1,6.2,1.83,1.91,1.93,1.78
196,1900-02-04,12:00,Bristol Rovers,MK Dons,2.12,3.5,3.2,1.88,1.85,1.72,2.0
197,1900-02-04,12:00,Port Vale,Wycombe,2.52,3.35,2.67,2.05,1.72,1.82,1.88
198,1900-02-04,12:00,Cambridge United,Ipswich Town,6.1,4.25,1.5,1.78,1.98,1.91,1.8
199,1900-02-04,12:00,Portsmouth FC,Barnsley FC,2.32,3.35,2.95,1.91,1.83,1.7,2.02
200,1900-02-04,12:00,Exeter City,Charlton,2.37,3.2,3.0,1.98,1.78,1.72,2.0
201,1900-02-04,12:00,Accrington Stanley,Lincoln City,2.27,3.2,3.15,1.95,1.78,1.72,2.0
202,1900-02-04,12:00,Fleetwood Town,Burton Albion,2.1,3.35,3.4,2.02,1.75,1.82,1.88
203,1900-02-04,12:00,Forest Green Rovers,Peterborough,3.75,3.65,1.9,1.78,1.95,1.7,2.05
204,1900-02-04,12:00,Oxford Utd,Shrewsbury,1.85,3.45,4.2,1.91,1.83,1.78,1.93
205,1900-01-31,16:45,Salford City,Walsall FC,2.32,3.2,3.05,2.2,1.62,1.91,1.8
206,1900-01-31,16:45,Carlisle United,Barrow FC,2.15,3.15,3.45,2.3,1.57,2.0,1.72
207,1900-01-31,16:45,Crewe Alexandra,Stockport County,4.9,3.85,1.65,2.02,1.75,2.02,1.72
208,1900-02-04,09:45,Newport County,Swindon,2.5,3.15,2.82,2.05,1.72,1.78,1.93
209,1900-02-04,12:00,Gillingham FC,Crawley Town,2.12,3.2,3.55,2.25,1.6,1.98,1.75
210,1900-02-04,12:00,Colchester United,Barrow FC,2.65,3.2,2.65,2.15,1.65,1.85,1.87
211,1900-02-04,12:00,Crewe Alexandra,Grimsby Town,3.05,3.3,2.27,2.02,1.75,1.78,1.93
212,1900-02-04,12:00,Doncaster,Hartlepool United,1.95,3.5,3.7,1.95,1.8,1.8,1.91
213,1900-02-04,12:00,Leyton Orient,AFC Wimbledon,1.83,3.45,4.25,2.25,1.6,2.1,1.65
214,1900-02-04,12:00,Carlisle United,Harrogate Town,1.78,3.6,4.4,1.93,1.82,1.83,1.87
215,1900-02-04,12:00,Bradford City,Mansfield Town,2.55,3.15,2.77,2.07,1.7,1.8,1.91
216,1900-02-04,12:00,Northampton Town,Walsall FC,2.02,3.25,3.7,2.15,1.65,1.93,1.78
217,1900-02-04,12:00,Salford City,Rochdale AFC,2.0,3.35,3.75,2.07,1.7,1.87,1.83
218,1900-02-04,12:00,Stockport County,Tranmere,1.6,3.65,5.8,2.15,1.65,2.12,1.65
219,1900-02-04,12:00,Sutton United,Stevenage Borough,3.25,3.15,2.25,2.2,1.62,1.9,1.8
220,1900-02-07,16:45,Crewe Alexandra,Leyton Orient,3.95,3.25,1.98,2.25,1.6,2.0,1.72
221,1900-02-07,16:45,Grimsby Town,Harrogate Town,1.91,3.5,3.8,1.87,1.87,1.75,1.98
222,1900-02-21,17:00,Plymouth Argyle,Cheltenham,1.5,4.35,5.8,1.7,2.07,1.82,1.88
223,1900-02-22,17:00,Accrington Stanley,Bolton,3.35,3.65,2.02,1.8,1.95,1.7,2.05
224,1900-01-31,16:45,Aldershot Town,Boreham Wood,3.15,3.3,2.22,2.02,1.75,1.78,1.93
225,1900-01-31,16:45,Solihull Moors,Notts County,5.1,4.25,1.57,1.6,2.27,1.65,2.1
226,1900-01-31,16:45,Woking FC,Torquay United,1.47,4.4,6.3,1.7,2.07,1.87,1.85
227,1900-01-31,16:45,Yeovil,Wealdstone FC,2.35,3.3,2.95,2.2,1.62,1.93,1.78
228,1900-01-31,16:45,Eastleigh FC,Barnet FC,2.3,3.35,2.95,1.8,1.93,1.65,2.12
229,1900-02-03,16:45,Scunthorpe,Barnet FC,4.0,3.65,1.83,1.78,1.98,1.7,2.05
230,1900-02-04,12:00,Wealdstone FC,Dagenham & Redbridge,2.35,3.45,2.82,1.78,1.98,1.62,2.15
231,1900-02-04,12:00,Oldham,Halifax Town,2.5,3.1,2.9,2.05,1.72,1.75,1.95
232,1900-02-04,12:00,Bromley FC,Maidenhead United,1.95,3.75,3.45,1.8,1.95,1.72,2.02
233,1900-02-04,12:00,Solihull Moors,Gateshead FC,1.82,3.7,4.0,1.7,2.07,1.65,2.12
234,1900-02-04,12:00,Southend,York City,1.57,3.9,5.6,2.02,1.75,2.05,1.7
235,1900-02-04,12:00,Yeovil,Maidstone United,2.2,3.4,3.1,1.87,1.87,1.7,2.02
236,1900-02-04,12:00,Aldershot Town,Dorking Wanderers,2.07,3.6,3.25,1.7,2.07,1.6,2.2
237,1900-02-04,12:00,Eastleigh FC,Woking FC,3.2,3.3,2.2,1.78,1.98,1.6,2.18
238,1900-02-04,12:00,Boreham Wood,Chesterfield FC,3.1,3.25,2.27,1.87,1.87,1.65,2.1
239,1900-02-04,12:00,Torquay United,Notts County,5.8,4.6,1.47,1.5,2.45,1.65,2.12
240,1900-02-04,14:20,Altrincham FC,Wrexham FC,3.65,4.15,1.8,1.62,2.2,1.62,2.15
241,1900-01-31,16:45,Chorley,AFC Telford United,1.65,3.9,4.6,1.98,1.75,2.02,1.7
242,1900-01-31,16:45,Chester FC,Alfreton Town,1.95,3.5,3.55,2.0,1.72,1.88,1.82
243,1900-01-31,16:45,Kidderminster Harriers,Blyth Spartans,1.55,4.05,5.3,1.95,1.75,2.1,1.65
244,1900-01-31,16:45,Kettering Town,Boston United,2.85,3.4,2.3,2.0,1.72,1.83,1.88
245,1900-01-31,16:45,Scarborough Athletic,Brackley Town,3.45,3.65,1.93,1.98,1.75,1.9,1.82
246,1900-01-31,16:45,Kings Lynn Town,Bradford Park Avenue,1.37,4.65,7.3,1.87,1.83,2.3,1.55
247,1900-01-31,16:45,Spennymoor Town,Hereford United,2.18,3.5,2.95,1.93,1.78,1.8,1.91
248,1900-01-31,16:45,Darlington FC,Southport FC,1.72,3.85,4.15,1.72,2.0,1.72,2.0
249,1900-02-04,12:00,Kidderminster Harriers,Scarborough Athletic,1.8,3.6,4.0,1.75,1.95,1.7,2.02
250,1900-02-04,12:00,Darlington FC,AFC Telford United,1.6,3.95,4.9,1.62,2.15,1.65,2.1
251,1900-02-04,12:00,Buxton FC,Kings Lynn Town,6.4,4.1,1.47,1.75,1.95,1.91,1.8
252,1900-02-04,12:00,AFC Fylde,Curzon Ashton FC,1.53,3.9,5.9,1.85,1.85,1.93,1.78
253,1900-02-04,12:00,Chester FC,Spennymoor Town,1.78,3.65,4.05,1.72,2.02,1.65,2.1
254,1900-02-04,12:00,Farsley Celtic,Hereford United,2.95,3.3,2.3,1.95,1.75,1.75,1.95
255,1900-02-04,12:00,Leamington,Blyth Spartans,2.0,3.5,3.4,1.75,1.95,1.65,2.1
256,1900-02-04,12:00,Gloucester City,Bradford Park Avenue,1.8,3.7,3.9,1.62,2.15,1.57,2.25
257,1900-02-04,12:00,Alfreton Town,Boston United,2.07,3.4,3.3,1.85,1.85,1.72,2.02
258,1900-02-04,12:00,Banbury United,Kettering Town,1.45,4.1,6.8,1.85,1.85,2.05,1.7
259,1900-02-04,12:00,Chorley,Southport FC,1.8,3.55,4.1,1.72,2.0,1.65,2.12
260,1900-02-04,12:00,Peterborough Sports,Brackley Town,3.8,3.45,1.9,1.75,1.95,1.65,2.1
262,1900-01-31,16:45,Braintree Town,Cheshunt FC,1.65,3.85,4.6,1.85,1.85,1.87,1.83
263,1900-01-31,16:45,Hungerford Town FC,Chelmsford City,3.75,3.6,1.87,1.91,1.8,1.83,1.87
264,1900-01-31,16:45,Taunton Town,Havant & Waterlooville,3.95,3.75,1.78,1.75,1.98,1.72,2.0
265,1900-01-31,16:45,Farnborough,Hemel Hempstead Town,1.75,3.85,3.95,1.88,1.82,1.87,1.85
266,1900-01-31,16:45,Weymouth,Hampton & Richmond Borough FC,1.93,3.75,3.4,1.7,2.02,1.65,2.1
267,1900-02-04,12:00,Chippenham Town,Braintree Town,2.6,3.35,2.55,1.85,1.85,1.7,2.05
268,1900-02-04,12:00,Eastbourne Borough,Taunton Town,1.8,3.45,4.2,1.95,1.75,1.85,1.85
269,1900-02-04,12:00,Welling United FC,Dartford FC,3.75,3.85,1.8,1.5,2.42,1.5,2.42
270,1900-02-04,12:00,Hungerford Town FC,Oxford City,3.25,3.5,2.05,1.75,1.95,1.65,2.12
271,1900-02-04,12:00,Chelmsford City,Bath City,1.8,3.45,4.2,1.95,1.75,1.85,1.85
272,1900-02-04,12:00,Cheshunt FC,Hemel Hempstead Town,2.7,3.4,2.42,1.75,1.95,1.62,2.15
273,1900-02-04,12:00,Concord Rangers,Farnborough,3.25,3.45,2.07,1.8,1.91,1.7,2.05
274,1900-02-04,12:00,Slough Town,Dover Athletic,2.02,3.65,3.2,1.62,2.15,1.55,2.3
275,1900-02-04,12:00,Tonbridge Angels,Worthing FC,2.55,3.55,2.47,1.6,2.22,1.5,2.42
276,1900-02-04,12:00,St Albans City,Hampton & Richmond Borough FC,1.55,4.15,5.1,1.6,2.18,1.7,2.02
277,1900-02-04,12:00,Ebbsfleet United,Havant & Waterlooville,1.75,3.7,4.25,1.7,2.02,1.65,2.1
278,1900-02-04,12:00,Weymouth,Dulwich Hamlet,2.72,3.4,2.4,1.8,1.91,1.65,2.12
279,1900-01-31,16:45,Belper Town,Hyde United FC,5.4,4.2,1.5,1.6,2.05,1.72,1.88
280,1900-01-31,16:45,Stalybridge Celtic,Radcliffe FC,2.0,3.7,3.15,1.72,1.88,1.65,1.98
281,1900-01-31,16:45,Liversedge,Gainsborough Trinity,5.6,4.05,1.5,1.65,1.98,1.75,1.87
282,1900-01-31,16:45,South Shields,Marske United FC,1.26,5.6,8.75,1.65,2.0,2.32,1.47
283,1900-02-04,12:00,Ashton Utd,Morpeth Town,2.07,3.3,3.3,1.7,1.93,1.57,2.12
284,1900-01-31,16:45,Herne Bay,Potters Bar Town FC,2.67,3.75,2.25,1.47,2.32,1.44,2.42
285,1900-01-31,16:45,Haringey Borough,Bishop's Stortford,3.9,3.85,1.75,1.62,2.02,1.62,2.02
286,1900-01-31,16:45,Brightlingsea Regent,Carshalton Athletic,4.7,4.45,1.53,1.57,2.12,1.7,1.91
287,1900-01-31,16:45,Lewes FC,Wingate & Finchley,1.6,3.95,4.8,1.57,2.1,1.62,2.02
288,1900-01-31,16:45,Bowers Pitsea,Corinthian Casuals,2.18,3.4,3.0,1.75,1.85,1.62,2.02
289,1900-02-01,16:45,Kingstonian,Margate FC,2.35,3.55,2.6,1.72,1.88,1.62,2.02
290,1900-01-31,16:30,Hartley Wintney,Chesham Utd,3.65,4.05,1.75,1.45,2.37,1.47,2.32
291,1900-01-31,16:45,Plymouth Parkway,Beaconsfield Town FC,1.83,4.05,3.35,1.47,2.35,1.47,2.32
292,1900-01-31,16:45,Salisbury FC,Gosport Borough,2.05,3.75,2.95,1.53,2.18,1.5,2.27
293,1900-02-01,16:45,Yate Town,Hendon FC,2.47,3.65,2.45,1.57,2.1,1.52,2.22
294,1900-01-31,16:45,Tamworth FC,St Ives Town,1.5,4.5,4.9,1.45,2.37,1.6,2.07
295,1900-01-31,16:45,Royston Town,Nuneaton Borough FC,3.0,3.65,2.07,1.57,2.1,1.52,2.22
296,1900-01-31,16:45,Coalville Town,Rushall Olympic,1.82,3.65,3.75,1.7,1.93,1.65,1.98
297,1900-01-31,16:45,Bedford Town,Stratford Town FC,2.0,3.8,3.05,1.33,2.77,1.32,2.85
298,1900-01-31,16:45,Needham Market FC,Alvechurch,1.98,3.65,3.25,1.65,1.98,1.6,2.07
299,1900-01-31,16:45,Leiston FC,Ilkeston Town,1.57,4.0,5.0,1.5,2.25,1.57,2.12
300,1900-01-31,16:45,Harrow Borough FC,Halifax Town,4.35,4.05,1.62,1.53,2.2,1.57,2.1
301,1900-01-31,16:45,Banbury United,Coalville Town,2.12,3.5,3.0,1.53,2.18,1.47,2.35
302,1900-01-31,16:45,Kidsgrove Athletic FC,Colne FC,1.98,3.3,3.4,1.65,1.98,,
303,1900-01-31,16:45,Trafford FC,Skelmersdale United,1.98,3.6,3.15,1.53,2.18,,
304,1900-01-31,16:45,Hebburn Town,Brighouse Town,2.07,3.5,3.0,1.62,2.02,,
305,1900-01-31,16:45,Tadcaster Albion,Sheffield FC,4.6,3.9,1.6,1.53,2.18,,
306,1900-01-31,16:45,Cirencester Town,Barton Rovers,1.26,5.4,8.25,,,,
307,1900-01-31,16:45,Maldon & Tiptree FC,Wroxham,2.12,3.45,2.92,1.62,2.02,,
308,1900-01-31,16:45,Chichester City Utd,Lancing FC,2.2,3.2,3.0,1.65,2.0,,
309,1900-01-31,16:00,Arsenal Sub-21,Burnley Sub-21,2.02,3.9,2.95,1.32,2.85,1.31,2.87
